[06Apr2026 00:00:01.848] [Server thread/WARN] [tconstruct/]: Tool stack constructed using non-modifiable tool, this may cause issues as it has no NBT. To debug this issue or disable the warning, use logInvalidToolStack in the config.
[06Apr2026 00:00:30.150] [Server thread/WARN] [tconstruct/]: Tool stack constructed using non-modifiable tool, this may cause issues as it has no NBT. To debug this issue or disable the warning, use logInvalidToolStack in the config.
[06Apr2026 00:00:54.373] [Server thread/WARN] [tconstruct/]: Tool stack constructed using non-modifiable tool, this may cause issues as it has no NBT. To debug this issue or disable the warning, use logInvalidToolStack in the config.
[06Apr2026 00:00:56.901] [Server thread/WARN] [tconstruct/]: Tool stack constructed using non-modifiable tool, this may cause issues as it has no NBT. To debug this issue or disable the warning, use logInvalidToolStack in the config.
[06Apr2026 00:00:57.475] [Server thread/WARN] [tconstruct/]: Tool stack constructed using non-modifiable tool, this may cause issues as it has no NBT. To debug this issue or disable the warning, use logInvalidToolStack in the config.
[06Apr2026 00:00:58.026] [Server thread/WARN] [tconstruct/]: Tool stack constructed using non-modifiable tool, this may cause issues as it has no NBT. To debug this issue or disable the warning, use logInvalidToolStack in the config.
[06Apr2026 00:00:58.573] [Server thread/WARN] [tconstruct/]: Tool stack constructed using non-modifiable tool, this may cause issues as it has no NBT. To debug this issue or disable the warning, use logInvalidToolStack in the config.
[06Apr2026 00:00:59.173] [Server thread/WARN] [tconstruct/]: Tool stack constructed using non-modifiable tool, this may cause issues as it has no NBT. To debug this issue or disable the warning, use logInvalidToolStack in the config.
[06Apr2026 00:00:59.775] [Server thread/WARN] [tconstruct/]: Tool stack constructed using non-modifiable tool, this may cause issues as it has no NBT. To debug this issue or disable the warning, use logInvalidToolStack in the config.
[06Apr2026 00:01:00.328] [Server thread/WARN] [tconstruct/]: Tool stack constructed using non-modifiable tool, this may cause issues as it has no NBT. To debug this issue or disable the warning, use logInvalidToolStack in the config.
[06Apr2026 00:01:00.825] [Server thread/WARN] [tconstruct/]: Tool stack constructed using non-modifiable tool, this may cause issues as it has no NBT. To debug this issue or disable the warning, use logInvalidToolStack in the config.
[06Apr2026 00:01:13.502] [Server thread/INFO] [AllTheLeaks/]: Listing events...
[06Apr2026 00:01:13.502] [Server thread/INFO] [AllTheLeaks/]: Server Player Clone: 13
[06Apr2026 00:01:13.502] [Server thread/INFO] [AllTheLeaks/]: Server Player Logout: 10
[06Apr2026 00:01:13.503] [Server thread/INFO] [AllTheLeaks/]: Listing memory leaks so far...
[06Apr2026 00:01:13.503] [Server thread/INFO] [AllTheLeaks/]: B: 1555MB / C: 3329MB / Diff: +1774MB
[06Apr2026 00:01:13.503] [Server thread/INFO] [AllTheLeaks/]: Memory Leaks detected: (/atl force_refresh to update)
[06Apr2026 00:01:13.503] [Server thread/INFO] [AllTheLeaks/]: | ChunkAccess:
[06Apr2026 00:01:13.503] [Server thread/INFO] [AllTheLeaks/]: |- LevelChunk (minecraft): 11505
[06Apr2026 00:01:13.503] [Server thread/INFO] [AllTheLeaks/]: | Player:
[06Apr2026 00:01:13.503] [Server thread/INFO] [AllTheLeaks/]: |- ServerPlayer (minecraft): 13
[06Apr2026 00:01:48.557] [Server thread/WARN] [tconstruct/]: Tool stack constructed using non-modifiable tool, this may cause issues as it has no NBT. To debug this issue or disable the warning, use logInvalidToolStack in the config.
[06Apr2026 00:01:56.497] [Server thread/WARN] [tconstruct/]: Tool stack constructed using non-modifiable tool, this may cause issues as it has no NBT. To debug this issue or disable the warning, use logInvalidToolStack in the config.
[06Apr2026 00:01:56.758] [Server thread/WARN] [tconstruct/]: Tool stack constructed using non-modifiable tool, this may cause issues as it has no NBT. To debug this issue or disable the warning, use logInvalidToolStack in the config.
[06Apr2026 00:02:49.674] [Server thread/WARN] [tconstruct/]: Tool stack constructed using non-modifiable tool, this may cause issues as it has no NBT. To debug this issue or disable the warning, use logInvalidToolStack in the config.
[06Apr2026 00:03:24.054] [Server thread/WARN] [tconstruct/]: Tool stack constructed using non-modifiable tool, this may cause issues as it has no NBT. To debug this issue or disable the warning, use logInvalidToolStack in the config.
[06Apr2026 00:03:24.325] [Server thread/WARN] [tconstruct/]: Tool stack constructed using non-modifiable tool, this may cause issues as it has no NBT. To debug this issue or disable the warning, use logInvalidToolStack in the config.
[06Apr2026 00:04:02.270] [Server thread/WARN] [tconstruct/]: Tool stack constructed using non-modifiable tool, this may cause issues as it has no NBT. To debug this issue or disable the warning, use logInvalidToolStack in the config.
[06Apr2026 00:04:18.696] [Server thread/WARN] [tconstruct/]: Tool stack constructed using non-modifiable tool, this may cause issues as it has no NBT. To debug this issue or disable the warning, use logInvalidToolStack in the config.
[06Apr2026 00:04:30.227] [Server thread/WARN] [tconstruct/]: Tool stack constructed using non-modifiable tool, this may cause issues as it has no NBT. To debug this issue or disable the warning, use logInvalidToolStack in the config.
[06Apr2026 00:04:31.556] [Server thread/WARN] [tconstruct/]: Tool stack constructed using non-modifiable tool, this may cause issues as it has no NBT. To debug this issue or disable the warning, use logInvalidToolStack in the config.
[06Apr2026 00:04:34.914] [Server thread/WARN] [tconstruct/]: Tool stack constructed using non-modifiable tool, this may cause issues as it has no NBT. To debug this issue or disable the warning, use logInvalidToolStack in the config.
[06Apr2026 00:05:06.756] [Server thread/WARN] [tconstruct/]: Tool stack constructed using non-modifiable tool, this may cause issues as it has no NBT. To debug this issue or disable the warning, use logInvalidToolStack in the config.
[06Apr2026 00:05:52.362] [Server thread/INFO] [net.minecraft.server.MinecraftServer/]: valencapo10 has made the advancement [We Need to Go Deeper]
[06Apr2026 00:06:01.063] [Server thread/WARN] [tconstruct/]: Tool stack constructed using non-modifiable tool, this may cause issues as it has no NBT. To debug this issue or disable the warning, use logInvalidToolStack in the config.
[06Apr2026 00:06:19.275] [Server thread/WARN] [tconstruct/]: Tool stack constructed using non-modifiable tool, this may cause issues as it has no NBT. To debug this issue or disable the warning, use logInvalidToolStack in the config.
[06Apr2026 00:06:21.529] [Server thread/WARN] [tconstruct/]: Tool stack constructed using non-modifiable tool, this may cause issues as it has no NBT. To debug this issue or disable the warning, use logInvalidToolStack in the config.
[06Apr2026 00:06:29.801] [Server thread/WARN] [tconstruct/]: Tool stack constructed using non-modifiable tool, this may cause issues as it has no NBT. To debug this issue or disable the warning, use logInvalidToolStack in the config.
[06Apr2026 00:06:34.302] [Server thread/WARN] [tconstruct/]: Tool stack constructed using non-modifiable tool, this may cause issues as it has no NBT. To debug this issue or disable the warning, use logInvalidToolStack in the config.
[06Apr2026 00:06:55.576] [Server thread/WARN] [tconstruct/]: Tool stack constructed using non-modifiable tool, this may cause issues as it has no NBT. To debug this issue or disable the warning, use logInvalidToolStack in the config.
[06Apr2026 00:06:55.730] [Server thread/WARN] [tconstruct/]: Tool stack constructed using non-modifiable tool, this may cause issues as it has no NBT. To debug this issue or disable the warning, use logInvalidToolStack in the config.
[06Apr2026 00:06:56.316] [Server thread/WARN] [tconstruct/]: Tool stack constructed using non-modifiable tool, this may cause issues as it has no NBT. To debug this issue or disable the warning, use logInvalidToolStack in the config.
[06Apr2026 00:07:00.728] [Server thread/WARN] [tconstruct/]: Tool stack constructed using non-modifiable tool, this may cause issues as it has no NBT. To debug this issue or disable the warning, use logInvalidToolStack in the config.
[06Apr2026 00:07:05.174] [Server thread/WARN] [tconstruct/]: Tool stack constructed using non-modifiable tool, this may cause issues as it has no NBT. To debug this issue or disable the warning, use logInvalidToolStack in the config.
[06Apr2026 00:07:05.370] [Server thread/WARN] [tconstruct/]: Tool stack constructed using non-modifiable tool, this may cause issues as it has no NBT. To debug this issue or disable the warning, use logInvalidToolStack in the config.
[06Apr2026 00:07:05.526] [Server thread/WARN] [tconstruct/]: Tool stack constructed using non-modifiable tool, this may cause issues as it has no NBT. To debug this issue or disable the warning, use logInvalidToolStack in the config.
[06Apr2026 00:07:32.577] [Server thread/WARN] [tconstruct/]: Tool stack constructed using non-modifiable tool, this may cause issues as it has no NBT. To debug this issue or disable the warning, use logInvalidToolStack in the config.
[06Apr2026 00:07:35.725] [Server thread/WARN] [net.minecraft.server.MinecraftServer/]: Can't keep up! Is the server overloaded? Running 3143ms or 62 ticks behind
[06Apr2026 00:07:38.265] [Server thread/INFO] [net.minecraft.server.MinecraftServer/]: Unknown or incomplete command, see below for error
[06Apr2026 00:07:38.304] [Server thread/INFO] [net.minecraft.server.MinecraftServer/]: aa<--[HERE]
[06Apr2026 00:07:48.025] [Server thread/WARN] [tconstruct/]: Tool stack constructed using non-modifiable tool, this may cause issues as it has no NBT. To debug this issue or disable the warning, use logInvalidToolStack in the config.
[06Apr2026 00:07:49.440] [Server thread/WARN] [tconstruct/]: Tool stack constructed using non-modifiable tool, this may cause issues as it has no NBT. To debug this issue or disable the warning, use logInvalidToolStack in the config.
[06Apr2026 00:08:26.865] [Server thread/WARN] [tconstruct/]: Tool stack constructed using non-modifiable tool, this may cause issues as it has no NBT. To debug this issue or disable the warning, use logInvalidToolStack in the config.
[06Apr2026 00:08:52.476] [Server thread/WARN] [tconstruct/]: Tool stack constructed using non-modifiable tool, this may cause issues as it has no NBT. To debug this issue or disable the warning, use logInvalidToolStack in the config.
[06Apr2026 00:08:55.677] [Server thread/WARN] [tconstruct/]: Tool stack constructed using non-modifiable tool, this may cause issues as it has no NBT. To debug this issue or disable the warning, use logInvalidToolStack in the config.
[06Apr2026 00:08:58.677] [Server thread/WARN] [tconstruct/]: Tool stack constructed using non-modifiable tool, this may cause issues as it has no NBT. To debug this issue or disable the warning, use logInvalidToolStack in the config.
[06Apr2026 00:09:36.229] [Server thread/WARN] [tconstruct/]: Tool stack constructed using non-modifiable tool, this may cause issues as it has no NBT. To debug this issue or disable the warning, use logInvalidToolStack in the config.
[06Apr2026 00:09:40.523] [Server thread/WARN] [tconstruct/]: Tool stack constructed using non-modifiable tool, this may cause issues as it has no NBT. To debug this issue or disable the warning, use logInvalidToolStack in the config.
[06Apr2026 00:10:47.657] [Server thread/INFO] [net.minecraft.server.MinecraftServer/]: Unknown or incomplete command, see below for error
[06Apr2026 00:10:47.658] [Server thread/INFO] [net.minecraft.server.MinecraftServer/]: aaa<--[HERE]
[06Apr2026 00:11:09.546] [Server thread/WARN] [net.minecraft.server.level.ServerPlayerGameMode/]: Mismatch in destroy block pos: BlockPos{x=325, y=17, z=316} BlockPos{x=328, y=14, z=316}
[06Apr2026 00:11:16.649] [Server thread/INFO] [AllTheLeaks/]: Listing events...
[06Apr2026 00:11:16.649] [Server thread/INFO] [AllTheLeaks/]: Server Player Clone: 13
[06Apr2026 00:11:16.649] [Server thread/INFO] [AllTheLeaks/]: Server Player Logout: 10
[06Apr2026 00:11:16.649] [Server thread/INFO] [AllTheLeaks/]: Listing memory leaks so far...
[06Apr2026 00:11:16.649] [Server thread/INFO] [AllTheLeaks/]: B: 1555MB / C: 3373MB / Diff: +1818MB
[06Apr2026 00:11:16.649] [Server thread/INFO] [AllTheLeaks/]: Memory Leaks detected: (/atl force_refresh to update)
[06Apr2026 00:11:16.649] [Server thread/INFO] [AllTheLeaks/]: | ChunkAccess:
[06Apr2026 00:11:16.649] [Server thread/INFO] [AllTheLeaks/]: |- LevelChunk (minecraft): 11505
[06Apr2026 00:11:16.649] [Server thread/INFO] [AllTheLeaks/]: | Player:
[06Apr2026 00:11:16.649] [Server thread/INFO] [AllTheLeaks/]: |- ServerPlayer (minecraft): 13
[06Apr2026 00:11:26.194] [Server thread/WARN] [tconstruct/]: Tool stack constructed using non-modifiable tool, this may cause issues as it has no NBT. To debug this issue or disable the warning, use logInvalidToolStack in the config.
[06Apr2026 00:12:12.526] [Server thread/WARN] [tconstruct/]: Tool stack constructed using non-modifiable tool, this may cause issues as it has no NBT. To debug this issue or disable the warning, use logInvalidToolStack in the config.
[06Apr2026 00:12:12.949] [Server thread/WARN] [tconstruct/]: Tool stack constructed using non-modifiable tool, this may cause issues as it has no NBT. To debug this issue or disable the warning, use logInvalidToolStack in the config.
[06Apr2026 00:12:13.131] [Server thread/WARN] [tconstruct/]: Tool stack constructed using non-modifiable tool, this may cause issues as it has no NBT. To debug this issue or disable the warning, use logInvalidToolStack in the config.
[06Apr2026 00:12:13.379] [Server thread/WARN] [tconstruct/]: Tool stack constructed using non-modifiable tool, this may cause issues as it has no NBT. To debug this issue or disable the warning, use logInvalidToolStack in the config.
[06Apr2026 00:12:15.179] [Server thread/WARN] [tconstruct/]: Tool stack constructed using non-modifiable tool, this may cause issues as it has no NBT. To debug this issue or disable the warning, use logInvalidToolStack in the config.
[06Apr2026 00:12:15.475] [Server thread/WARN] [tconstruct/]: Tool stack constructed using non-modifiable tool, this may cause issues as it has no NBT. To debug this issue or disable the warning, use logInvalidToolStack in the config.
[06Apr2026 00:12:15.703] [Server thread/WARN] [tconstruct/]: Tool stack constructed using non-modifiable tool, this may cause issues as it has no NBT. To debug this issue or disable the warning, use logInvalidToolStack in the config.
[06Apr2026 00:12:15.931] [Server thread/WARN] [tconstruct/]: Tool stack constructed using non-modifiable tool, this may cause issues as it has no NBT. To debug this issue or disable the warning, use logInvalidToolStack in the config.
[06Apr2026 00:12:16.121] [Server thread/WARN] [tconstruct/]: Tool stack constructed using non-modifiable tool, this may cause issues as it has no NBT. To debug this issue or disable the warning, use logInvalidToolStack in the config.
[06Apr2026 00:12:16.325] [Server thread/WARN] [tconstruct/]: Tool stack constructed using non-modifiable tool, this may cause issues as it has no NBT. To debug this issue or disable the warning, use logInvalidToolStack in the config.
[06Apr2026 00:12:16.523] [Server thread/WARN] [tconstruct/]: Tool stack constructed using non-modifiable tool, this may cause issues as it has no NBT. To debug this issue or disable the warning, use logInvalidToolStack in the config.
[06Apr2026 00:12:16.750] [Server thread/WARN] [tconstruct/]: Tool stack constructed using non-modifiable tool, this may cause issues as it has no NBT. To debug this issue or disable the warning, use logInvalidToolStack in the config.
[06Apr2026 00:12:16.929] [Server thread/WARN] [tconstruct/]: Tool stack constructed using non-modifiable tool, this may cause issues as it has no NBT. To debug this issue or disable the warning, use logInvalidToolStack in the config.
[06Apr2026 00:12:17.148] [Server thread/WARN] [tconstruct/]: Tool stack constructed using non-modifiable tool, this may cause issues as it has no NBT. To debug this issue or disable the warning, use logInvalidToolStack in the config.
[06Apr2026 00:12:17.352] [Server thread/WARN] [tconstruct/]: Tool stack constructed using non-modifiable tool, this may cause issues as it has no NBT. To debug this issue or disable the warning, use logInvalidToolStack in the config.
[06Apr2026 00:12:17.550] [Server thread/WARN] [tconstruct/]: Tool stack constructed using non-modifiable tool, this may cause issues as it has no NBT. To debug this issue or disable the warning, use logInvalidToolStack in the config.
[06Apr2026 00:12:19.029] [Server thread/WARN] [tconstruct/]: Tool stack constructed using non-modifiable tool, this may cause issues as it has no NBT. To debug this issue or disable the warning, use logInvalidToolStack in the config.
[06Apr2026 00:12:19.229] [Server thread/WARN] [tconstruct/]: Tool stack constructed using non-modifiable tool, this may cause issues as it has no NBT. To debug this issue or disable the warning, use logInvalidToolStack in the config.
[06Apr2026 00:12:42.205] [Server thread/WARN] [tconstruct/]: Tool stack constructed using non-modifiable tool, this may cause issues as it has no NBT. To debug this issue or disable the warning, use logInvalidToolStack in the config.
[06Apr2026 00:12:43.880] [Server thread/WARN] [tconstruct/]: Tool stack constructed using non-modifiable tool, this may cause issues as it has no NBT. To debug this issue or disable the warning, use logInvalidToolStack in the config.
[06Apr2026 00:12:44.098] [Server thread/WARN] [tconstruct/]: Tool stack constructed using non-modifiable tool, this may cause issues as it has no NBT. To debug this issue or disable the warning, use logInvalidToolStack in the config.
[06Apr2026 00:12:44.630] [Server thread/WARN] [tconstruct/]: Tool stack constructed using non-modifiable tool, this may cause issues as it has no NBT. To debug this issue or disable the warning, use logInvalidToolStack in the config.
[06Apr2026 00:12:45.949] [Server thread/WARN] [tconstruct/]: Tool stack constructed using non-modifiable tool, this may cause issues as it has no NBT. To debug this issue or disable the warning, use logInvalidToolStack in the config.
[06Apr2026 00:12:53.726] [Server thread/WARN] [tconstruct/]: Tool stack constructed using non-modifiable tool, this may cause issues as it has no NBT. To debug this issue or disable the warning, use logInvalidToolStack in the config.
[06Apr2026 00:12:53.922] [Server thread/WARN] [tconstruct/]: Tool stack constructed using non-modifiable tool, this may cause issues as it has no NBT. To debug this issue or disable the warning, use logInvalidToolStack in the config.
[06Apr2026 00:12:54.276] [Server thread/WARN] [tconstruct/]: Tool stack constructed using non-modifiable tool, this may cause issues as it has no NBT. To debug this issue or disable the warning, use logInvalidToolStack in the config.
[06Apr2026 00:12:55.396] [Server thread/WARN] [tconstruct/]: Tool stack constructed using non-modifiable tool, this may cause issues as it has no NBT. To debug this issue or disable the warning, use logInvalidToolStack in the config.
[06Apr2026 00:12:55.700] [Server thread/WARN] [tconstruct/]: Tool stack constructed using non-modifiable tool, this may cause issues as it has no NBT. To debug this issue or disable the warning, use logInvalidToolStack in the config.
[06Apr2026 00:12:55.980] [Server thread/WARN] [tconstruct/]: Tool stack constructed using non-modifiable tool, this may cause issues as it has no NBT. To debug this issue or disable the warning, use logInvalidToolStack in the config.
[06Apr2026 00:13:02.045] [Server thread/WARN] [tconstruct/]: Tool stack constructed using non-modifiable tool, this may cause issues as it has no NBT. To debug this issue or disable the warning, use logInvalidToolStack in the config.
[06Apr2026 00:13:02.948] [Server thread/WARN] [tconstruct/]: Tool stack constructed using non-modifiable tool, this may cause issues as it has no NBT. To debug this issue or disable the warning, use logInvalidToolStack in the config.
[06Apr2026 00:13:03.405] [Server thread/WARN] [tconstruct/]: Tool stack constructed using non-modifiable tool, this may cause issues as it has no NBT. To debug this issue or disable the warning, use logInvalidToolStack in the config.
[06Apr2026 00:13:16.823] [Server thread/INFO] [net.minecraft.server.MinecraftServer/]: [valencapo10: Set own game mode to Spectator Mode]
[06Apr2026 00:13:25.876] [Server thread/INFO] [net.minecraft.server.MinecraftServer/]: [valencapo10: Set own game mode to Survival Mode]
[06Apr2026 00:13:27.516] [Server thread/INFO] [net.minecraft.server.MinecraftServer/]: nchss00 has made the advancement [We Need to Go Deeper]
[06Apr2026 00:13:27.517] [Server thread/INFO] [net.minecraft.server.MinecraftServer/]: [nchss00: Teleported nchss00 to valencapo10]
[06Apr2026 00:14:22.542] [Server thread/WARN] [tconstruct/]: Tool stack constructed using non-modifiable tool, this may cause issues as it has no NBT. To debug this issue or disable the warning, use logInvalidToolStack in the config.
[06Apr2026 00:14:22.748] [Server thread/WARN] [tconstruct/]: Tool stack constructed using non-modifiable tool, this may cause issues as it has no NBT. To debug this issue or disable the warning, use logInvalidToolStack in the config.
[06Apr2026 00:14:22.945] [Server thread/WARN] [tconstruct/]: Tool stack constructed using non-modifiable tool, this may cause issues as it has no NBT. To debug this issue or disable the warning, use logInvalidToolStack in the config.
[06Apr2026 00:14:23.145] [Server thread/WARN] [tconstruct/]: Tool stack constructed using non-modifiable tool, this may cause issues as it has no NBT. To debug this issue or disable the warning, use logInvalidToolStack in the config.
[06Apr2026 00:14:23.345] [Server thread/WARN] [tconstruct/]: Tool stack constructed using non-modifiable tool, this may cause issues as it has no NBT. To debug this issue or disable the warning, use logInvalidToolStack in the config.
[06Apr2026 00:14:23.543] [Server thread/WARN] [tconstruct/]: Tool stack constructed using non-modifiable tool, this may cause issues as it has no NBT. To debug this issue or disable the warning, use logInvalidToolStack in the config.
[06Apr2026 00:14:23.744] [Server thread/WARN] [tconstruct/]: Tool stack constructed using non-modifiable tool, this may cause issues as it has no NBT. To debug this issue or disable the warning, use logInvalidToolStack in the config.
[06Apr2026 00:14:23.945] [Server thread/WARN] [tconstruct/]: Tool stack constructed using non-modifiable tool, this may cause issues as it has no NBT. To debug this issue or disable the warning, use logInvalidToolStack in the config.
[06Apr2026 00:14:24.144] [Server thread/WARN] [tconstruct/]: Tool stack constructed using non-modifiable tool, this may cause issues as it has no NBT. To debug this issue or disable the warning, use logInvalidToolStack in the config.
[06Apr2026 00:16:14.049] [Server thread/WARN] [tconstruct/]: Tool stack constructed using non-modifiable tool, this may cause issues as it has no NBT. To debug this issue or disable the warning, use logInvalidToolStack in the config.
[06Apr2026 00:16:14.262] [Server thread/WARN] [tconstruct/]: Tool stack constructed using non-modifiable tool, this may cause issues as it has no NBT. To debug this issue or disable the warning, use logInvalidToolStack in the config.
[06Apr2026 00:16:14.447] [Server thread/WARN] [tconstruct/]: Tool stack constructed using non-modifiable tool, this may cause issues as it has no NBT. To debug this issue or disable the warning, use logInvalidToolStack in the config.
[06Apr2026 00:16:14.647] [Server thread/WARN] [tconstruct/]: Tool stack constructed using non-modifiable tool, this may cause issues as it has no NBT. To debug this issue or disable the warning, use logInvalidToolStack in the config.
[06Apr2026 00:16:14.853] [Server thread/WARN] [tconstruct/]: Tool stack constructed using non-modifiable tool, this may cause issues as it has no NBT. To debug this issue or disable the warning, use logInvalidToolStack in the config.
[06Apr2026 00:16:15.046] [Server thread/WARN] [tconstruct/]: Tool stack constructed using non-modifiable tool, this may cause issues as it has no NBT. To debug this issue or disable the warning, use logInvalidToolStack in the config.
[06Apr2026 00:16:15.252] [Server thread/WARN] [tconstruct/]: Tool stack constructed using non-modifiable tool, this may cause issues as it has no NBT. To debug this issue or disable the warning, use logInvalidToolStack in the config.
[06Apr2026 00:16:15.463] [Server thread/WARN] [tconstruct/]: Tool stack constructed using non-modifiable tool, this may cause issues as it has no NBT. To debug this issue or disable the warning, use logInvalidToolStack in the config.
[06Apr2026 00:16:15.708] [Server thread/WARN] [tconstruct/]: Tool stack constructed using non-modifiable tool, this may cause issues as it has no NBT. To debug this issue or disable the warning, use logInvalidToolStack in the config.
[06Apr2026 00:16:15.857] [Server thread/WARN] [tconstruct/]: Tool stack constructed using non-modifiable tool, this may cause issues as it has no NBT. To debug this issue or disable the warning, use logInvalidToolStack in the config.
[06Apr2026 00:16:16.049] [Server thread/WARN] [tconstruct/]: Tool stack constructed using non-modifiable tool, this may cause issues as it has no NBT. To debug this issue or disable the warning, use logInvalidToolStack in the config.
[06Apr2026 00:16:16.247] [Server thread/WARN] [tconstruct/]: Tool stack constructed using non-modifiable tool, this may cause issues as it has no NBT. To debug this issue or disable the warning, use logInvalidToolStack in the config.
[06Apr2026 00:16:16.450] [Server thread/WARN] [tconstruct/]: Tool stack constructed using non-modifiable tool, this may cause issues as it has no NBT. To debug this issue or disable the warning, use logInvalidToolStack in the config.
[06Apr2026 00:16:16.648] [Server thread/WARN] [tconstruct/]: Tool stack constructed using non-modifiable tool, this may cause issues as it has no NBT. To debug this issue or disable the warning, use logInvalidToolStack in the config.
[06Apr2026 00:16:16.846] [Server thread/WARN] [tconstruct/]: Tool stack constructed using non-modifiable tool, this may cause issues as it has no NBT. To debug this issue or disable the warning, use logInvalidToolStack in the config.
[06Apr2026 00:16:17.023] [Server thread/WARN] [tconstruct/]: Tool stack constructed using non-modifiable tool, this may cause issues as it has no NBT. To debug this issue or disable the warning, use logInvalidToolStack in the config.
[06Apr2026 00:16:17.224] [Server thread/WARN] [tconstruct/]: Tool stack constructed using non-modifiable tool, this may cause issues as it has no NBT. To debug this issue or disable the warning, use logInvalidToolStack in the config.
[06Apr2026 00:16:17.417] [Server thread/WARN] [tconstruct/]: Tool stack constructed using non-modifiable tool, this may cause issues as it has no NBT. To debug this issue or disable the warning, use logInvalidToolStack in the config.
[06Apr2026 00:16:17.624] [Server thread/WARN] [tconstruct/]: Tool stack constructed using non-modifiable tool, this may cause issues as it has no NBT. To debug this issue or disable the warning, use logInvalidToolStack in the config.
[06Apr2026 00:16:17.826] [Server thread/WARN] [tconstruct/]: Tool stack constructed using non-modifiable tool, this may cause issues as it has no NBT. To debug this issue or disable the warning, use logInvalidToolStack in the config.
[06Apr2026 00:16:18.028] [Server thread/WARN] [tconstruct/]: Tool stack constructed using non-modifiable tool, this may cause issues as it has no NBT. To debug this issue or disable the warning, use logInvalidToolStack in the config.
[06Apr2026 00:16:18.228] [Server thread/WARN] [tconstruct/]: Tool stack constructed using non-modifiable tool, this may cause issues as it has no NBT. To debug this issue or disable the warning, use logInvalidToolStack in the config.
[06Apr2026 00:16:18.426] [Server thread/WARN] [tconstruct/]: Tool stack constructed using non-modifiable tool, this may cause issues as it has no NBT. To debug this issue or disable the warning, use logInvalidToolStack in the config.
[06Apr2026 00:16:18.623] [Server thread/WARN] [tconstruct/]: Tool stack constructed using non-modifiable tool, this may cause issues as it has no NBT. To debug this issue or disable the warning, use logInvalidToolStack in the config.
[06Apr2026 00:16:18.819] [Server thread/WARN] [tconstruct/]: Tool stack constructed using non-modifiable tool, this may cause issues as it has no NBT. To debug this issue or disable the warning, use logInvalidToolStack in the config.
[06Apr2026 00:16:19.020] [Server thread/WARN] [tconstruct/]: Tool stack constructed using non-modifiable tool, this may cause issues as it has no NBT. To debug this issue or disable the warning, use logInvalidToolStack in the config.
[06Apr2026 00:16:19.217] [Server thread/WARN] [tconstruct/]: Tool stack constructed using non-modifiable tool, this may cause issues as it has no NBT. To debug this issue or disable the warning, use logInvalidToolStack in the config.
[06Apr2026 00:16:19.310] [Worker-Main-3/WARN] [ModernFix/]: Skipped emitting ENTITY_MOUNT game event for entity Strider['Strider'/144445, l='ServerLevel[world]', x=467.00, y=31.00, z=-131.00] as it would cause deadlock
[06Apr2026 00:16:19.311] [Worker-Main-3/WARN] [ModernFix/]: Skipped emitting ENTITY_MOUNT game event for entity Strider['Strider'/144447, l='ServerLevel[world]', x=465.00, y=31.00, z=-133.00] as it would cause deadlock
[06Apr2026 00:16:19.430] [Server thread/WARN] [tconstruct/]: Tool stack constructed using non-modifiable tool, this may cause issues as it has no NBT. To debug this issue or disable the warning, use logInvalidToolStack in the config.
[06Apr2026 00:16:19.627] [Server thread/WARN] [tconstruct/]: Tool stack constructed using non-modifiable tool, this may cause issues as it has no NBT. To debug this issue or disable the warning, use logInvalidToolStack in the config.
[06Apr2026 00:16:19.823] [Server thread/WARN] [tconstruct/]: Tool stack constructed using non-modifiable tool, this may cause issues as it has no NBT. To debug this issue or disable the warning, use logInvalidToolStack in the config.
[06Apr2026 00:16:20.027] [Server thread/WARN] [tconstruct/]: Tool stack constructed using non-modifiable tool, this may cause issues as it has no NBT. To debug this issue or disable the warning, use logInvalidToolStack in the config.
[06Apr2026 00:16:20.229] [Server thread/WARN] [tconstruct/]: Tool stack constructed using non-modifiable tool, this may cause issues as it has no NBT. To debug this issue or disable the warning, use logInvalidToolStack in the config.
[06Apr2026 00:16:20.428] [Server thread/WARN] [tconstruct/]: Tool stack constructed using non-modifiable tool, this may cause issues as it has no NBT. To debug this issue or disable the warning, use logInvalidToolStack in the config.
[06Apr2026 00:16:20.644] [Server thread/WARN] [tconstruct/]: Tool stack constructed using non-modifiable tool, this may cause issues as it has no NBT. To debug this issue or disable the warning, use logInvalidToolStack in the config.
[06Apr2026 00:16:20.828] [Server thread/WARN] [tconstruct/]: Tool stack constructed using non-modifiable tool, this may cause issues as it has no NBT. To debug this issue or disable the warning, use logInvalidToolStack in the config.
[06Apr2026 00:16:21.025] [Server thread/WARN] [tconstruct/]: Tool stack constructed using non-modifiable tool, this may cause issues as it has no NBT. To debug this issue or disable the warning, use logInvalidToolStack in the config.
[06Apr2026 00:16:21.220] [Server thread/WARN] [tconstruct/]: Tool stack constructed using non-modifiable tool, this may cause issues as it has no NBT. To debug this issue or disable the warning, use logInvalidToolStack in the config.
[06Apr2026 00:16:21.418] [Server thread/WARN] [tconstruct/]: Tool stack constructed using non-modifiable tool, this may cause issues as it has no NBT. To debug this issue or disable the warning, use logInvalidToolStack in the config.
[06Apr2026 00:16:21.628] [Server thread/WARN] [tconstruct/]: Tool stack constructed using non-modifiable tool, this may cause issues as it has no NBT. To debug this issue or disable the warning, use logInvalidToolStack in the config.
[06Apr2026 00:16:21.823] [Server thread/WARN] [tconstruct/]: Tool stack constructed using non-modifiable tool, this may cause issues as it has no NBT. To debug this issue or disable the warning, use logInvalidToolStack in the config.
[06Apr2026 00:16:22.025] [Server thread/WARN] [tconstruct/]: Tool stack constructed using non-modifiable tool, this may cause issues as it has no NBT. To debug this issue or disable the warning, use logInvalidToolStack in the config.
[06Apr2026 00:16:22.219] [Server thread/WARN] [tconstruct/]: Tool stack constructed using non-modifiable tool, this may cause issues as it has no NBT. To debug this issue or disable the warning, use logInvalidToolStack in the config.
[06Apr2026 00:16:22.420] [Server thread/WARN] [tconstruct/]: Tool stack constructed using non-modifiable tool, this may cause issues as it has no NBT. To debug this issue or disable the warning, use logInvalidToolStack in the config.
[06Apr2026 00:16:22.625] [Server thread/WARN] [tconstruct/]: Tool stack constructed using non-modifiable tool, this may cause issues as it has no NBT. To debug this issue or disable the warning, use logInvalidToolStack in the config.
[06Apr2026 00:16:22.821] [Server thread/WARN] [tconstruct/]: Tool stack constructed using non-modifiable tool, this may cause issues as it has no NBT. To debug this issue or disable the warning, use logInvalidToolStack in the config.
[06Apr2026 00:16:23.030] [Server thread/WARN] [tconstruct/]: Tool stack constructed using non-modifiable tool, this may cause issues as it has no NBT. To debug this issue or disable the warning, use logInvalidToolStack in the config.
[06Apr2026 00:16:23.225] [Server thread/WARN] [tconstruct/]: Tool stack constructed using non-modifiable tool, this may cause issues as it has no NBT. To debug this issue or disable the warning, use logInvalidToolStack in the config.
[06Apr2026 00:16:23.448] [Server thread/WARN] [tconstruct/]: Tool stack constructed using non-modifiable tool, this may cause issues as it has no NBT. To debug this issue or disable the warning, use logInvalidToolStack in the config.
[06Apr2026 00:16:23.647] [Server thread/WARN] [tconstruct/]: Tool stack constructed using non-modifiable tool, this may cause issues as it has no NBT. To debug this issue or disable the warning, use logInvalidToolStack in the config.
[06Apr2026 00:16:23.874] [Server thread/WARN] [tconstruct/]: Tool stack constructed using non-modifiable tool, this may cause issues as it has no NBT. To debug this issue or disable the warning, use logInvalidToolStack in the config.
[06Apr2026 00:16:24.053] [Server thread/WARN] [tconstruct/]: Tool stack constructed using non-modifiable tool, this may cause issues as it has no NBT. To debug this issue or disable the warning, use logInvalidToolStack in the config.
[06Apr2026 00:16:24.248] [Server thread/WARN] [tconstruct/]: Tool stack constructed using non-modifiable tool, this may cause issues as it has no NBT. To debug this issue or disable the warning, use logInvalidToolStack in the config.
[06Apr2026 00:16:24.458] [Server thread/WARN] [tconstruct/]: Tool stack constructed using non-modifiable tool, this may cause issues as it has no NBT. To debug this issue or disable the warning, use logInvalidToolStack in the config.
[06Apr2026 00:16:24.657] [Server thread/WARN] [tconstruct/]: Tool stack constructed using non-modifiable tool, this may cause issues as it has no NBT. To debug this issue or disable the warning, use logInvalidToolStack in the config.
[06Apr2026 00:16:24.847] [Server thread/WARN] [tconstruct/]: Tool stack constructed using non-modifiable tool, this may cause issues as it has no NBT. To debug this issue or disable the warning, use logInvalidToolStack in the config.
[06Apr2026 00:16:25.046] [Server thread/WARN] [tconstruct/]: Tool stack constructed using non-modifiable tool, this may cause issues as it has no NBT. To debug this issue or disable the warning, use logInvalidToolStack in the config.
[06Apr2026 00:16:25.245] [Server thread/WARN] [tconstruct/]: Tool stack constructed using non-modifiable tool, this may cause issues as it has no NBT. To debug this issue or disable the warning, use logInvalidToolStack in the config.
[06Apr2026 00:16:25.462] [Server thread/WARN] [tconstruct/]: Tool stack constructed using non-modifiable tool, this may cause issues as it has no NBT. To debug this issue or disable the warning, use logInvalidToolStack in the config.
[06Apr2026 00:16:25.647] [Server thread/WARN] [tconstruct/]: Tool stack constructed using non-modifiable tool, this may cause issues as it has no NBT. To debug this issue or disable the warning, use logInvalidToolStack in the config.
[06Apr2026 00:16:25.847] [Server thread/WARN] [tconstruct/]: Tool stack constructed using non-modifiable tool, this may cause issues as it has no NBT. To debug this issue or disable the warning, use logInvalidToolStack in the config.
[06Apr2026 00:16:26.047] [Server thread/WARN] [tconstruct/]: Tool stack constructed using non-modifiable tool, this may cause issues as it has no NBT. To debug this issue or disable the warning, use logInvalidToolStack in the config.
[06Apr2026 00:16:26.245] [Server thread/WARN] [tconstruct/]: Tool stack constructed using non-modifiable tool, this may cause issues as it has no NBT. To debug this issue or disable the warning, use logInvalidToolStack in the config.
[06Apr2026 00:16:26.445] [Server thread/WARN] [tconstruct/]: Tool stack constructed using non-modifiable tool, this may cause issues as it has no NBT. To debug this issue or disable the warning, use logInvalidToolStack in the config.
[06Apr2026 00:16:26.647] [Server thread/WARN] [tconstruct/]: Tool stack constructed using non-modifiable tool, this may cause issues as it has no NBT. To debug this issue or disable the warning, use logInvalidToolStack in the config.
[06Apr2026 00:16:26.849] [Server thread/WARN] [tconstruct/]: Tool stack constructed using non-modifiable tool, this may cause issues as it has no NBT. To debug this issue or disable the warning, use logInvalidToolStack in the config.
[06Apr2026 00:16:27.022] [Server thread/WARN] [tconstruct/]: Tool stack constructed using non-modifiable tool, this may cause issues as it has no NBT. To debug this issue or disable the warning, use logInvalidToolStack in the config.
[06Apr2026 00:16:28.225] [Server thread/WARN] [tconstruct/]: Tool stack constructed using non-modifiable tool, this may cause issues as it has no NBT. To debug this issue or disable the warning, use logInvalidToolStack in the config.
[06Apr2026 00:16:28.421] [Server thread/WARN] [tconstruct/]: Tool stack constructed using non-modifiable tool, this may cause issues as it has no NBT. To debug this issue or disable the warning, use logInvalidToolStack in the config.
[06Apr2026 00:16:28.626] [Server thread/WARN] [tconstruct/]: Tool stack constructed using non-modifiable tool, this may cause issues as it has no NBT. To debug this issue or disable the warning, use logInvalidToolStack in the config.
[06Apr2026 00:16:28.820] [Server thread/WARN] [tconstruct/]: Tool stack constructed using non-modifiable tool, this may cause issues as it has no NBT. To debug this issue or disable the warning, use logInvalidToolStack in the config.
[06Apr2026 00:16:29.026] [Server thread/WARN] [tconstruct/]: Tool stack constructed using non-modifiable tool, this may cause issues as it has no NBT. To debug this issue or disable the warning, use logInvalidToolStack in the config.
[06Apr2026 00:16:29.219] [Server thread/WARN] [tconstruct/]: Tool stack constructed using non-modifiable tool, this may cause issues as it has no NBT. To debug this issue or disable the warning, use logInvalidToolStack in the config.
[06Apr2026 00:16:29.424] [Server thread/WARN] [tconstruct/]: Tool stack constructed using non-modifiable tool, this may cause issues as it has no NBT. To debug this issue or disable the warning, use logInvalidToolStack in the config.
[06Apr2026 00:16:29.626] [Server thread/WARN] [tconstruct/]: Tool stack constructed using non-modifiable tool, this may cause issues as it has no NBT. To debug this issue or disable the warning, use logInvalidToolStack in the config.
[06Apr2026 00:16:29.819] [Server thread/WARN] [tconstruct/]: Tool stack constructed using non-modifiable tool, this may cause issues as it has no NBT. To debug this issue or disable the warning, use logInvalidToolStack in the config.
[06Apr2026 00:16:30.026] [Server thread/WARN] [tconstruct/]: Tool stack constructed using non-modifiable tool, this may cause issues as it has no NBT. To debug this issue or disable the warning, use logInvalidToolStack in the config.
[06Apr2026 00:16:30.225] [Server thread/WARN] [tconstruct/]: Tool stack constructed using non-modifiable tool, this may cause issues as it has no NBT. To debug this issue or disable the warning, use logInvalidToolStack in the config.
[06Apr2026 00:16:30.430] [Server thread/WARN] [tconstruct/]: Tool stack constructed using non-modifiable tool, this may cause issues as it has no NBT. To debug this issue or disable the warning, use logInvalidToolStack in the config.
[06Apr2026 00:16:30.626] [Server thread/WARN] [tconstruct/]: Tool stack constructed using non-modifiable tool, this may cause issues as it has no NBT. To debug this issue or disable the warning, use logInvalidToolStack in the config.
[06Apr2026 00:16:30.822] [Server thread/WARN] [tconstruct/]: Tool stack constructed using non-modifiable tool, this may cause issues as it has no NBT. To debug this issue or disable the warning, use logInvalidToolStack in the config.
[06Apr2026 00:16:31.019] [Server thread/WARN] [tconstruct/]: Tool stack constructed using non-modifiable tool, this may cause issues as it has no NBT. To debug this issue or disable the warning, use logInvalidToolStack in the config.
[06Apr2026 00:16:31.226] [Server thread/WARN] [tconstruct/]: Tool stack constructed using non-modifiable tool, this may cause issues as it has no NBT. To debug this issue or disable the warning, use logInvalidToolStack in the config.
[06Apr2026 00:16:31.429] [Server thread/WARN] [tconstruct/]: Tool stack constructed using non-modifiable tool, this may cause issues as it has no NBT. To debug this issue or disable the warning, use logInvalidToolStack in the config.
[06Apr2026 00:16:31.625] [Server thread/WARN] [tconstruct/]: Tool stack constructed using non-modifiable tool, this may cause issues as it has no NBT. To debug this issue or disable the warning, use logInvalidToolStack in the config.
[06Apr2026 00:16:31.827] [Server thread/WARN] [tconstruct/]: Tool stack constructed using non-modifiable tool, this may cause issues as it has no NBT. To debug this issue or disable the warning, use logInvalidToolStack in the config.
[06Apr2026 00:16:32.026] [Server thread/WARN] [tconstruct/]: Tool stack constructed using non-modifiable tool, this may cause issues as it has no NBT. To debug this issue or disable the warning, use logInvalidToolStack in the config.
[06Apr2026 00:16:32.261] [Server thread/WARN] [tconstruct/]: Tool stack constructed using non-modifiable tool, this may cause issues as it has no NBT. To debug this issue or disable the warning, use logInvalidToolStack in the config.
[06Apr2026 00:16:32.427] [Server thread/WARN] [tconstruct/]: Tool stack constructed using non-modifiable tool, this may cause issues as it has no NBT. To debug this issue or disable the warning, use logInvalidToolStack in the config.
[06Apr2026 00:16:32.623] [Server thread/WARN] [tconstruct/]: Tool stack constructed using non-modifiable tool, this may cause issues as it has no NBT. To debug this issue or disable the warning, use logInvalidToolStack in the config.
[06Apr2026 00:18:44.594] [Server thread/WARN] [tconstruct/]: Tool stack constructed using non-modifiable tool, this may cause issues as it has no NBT. To debug this issue or disable the warning, use logInvalidToolStack in the config.
[06Apr2026 00:18:48.230] [Server thread/WARN] [tconstruct/]: Tool stack constructed using non-modifiable tool, this may cause issues as it has no NBT. To debug this issue or disable the warning, use logInvalidToolStack in the config.
[06Apr2026 00:18:48.231] [Server thread/WARN] [tconstruct/]: Tool stack constructed using non-modifiable tool, this may cause issues as it has no NBT. To debug this issue or disable the warning, use logInvalidToolStack in the config.
[06Apr2026 00:18:48.428] [Server thread/WARN] [tconstruct/]: Tool stack constructed using non-modifiable tool, this may cause issues as it has no NBT. To debug this issue or disable the warning, use logInvalidToolStack in the config.
[06Apr2026 00:18:48.429] [Server thread/WARN] [tconstruct/]: Tool stack constructed using non-modifiable tool, this may cause issues as it has no NBT. To debug this issue or disable the warning, use logInvalidToolStack in the config.
[06Apr2026 00:18:48.645] [Server thread/WARN] [tconstruct/]: Tool stack constructed using non-modifiable tool, this may cause issues as it has no NBT. To debug this issue or disable the warning, use logInvalidToolStack in the config.
[06Apr2026 00:18:48.646] [Server thread/WARN] [tconstruct/]: Tool stack constructed using non-modifiable tool, this may cause issues as it has no NBT. To debug this issue or disable the warning, use logInvalidToolStack in the config.
[06Apr2026 00:20:12.860] [Server thread/WARN] [tconstruct/]: Tool stack constructed using non-modifiable tool, this may cause issues as it has no NBT. To debug this issue or disable the warning, use logInvalidToolStack in the config.
[06Apr2026 00:20:13.147] [Server thread/WARN] [tconstruct/]: Tool stack constructed using non-modifiable tool, this may cause issues as it has no NBT. To debug this issue or disable the warning, use logInvalidToolStack in the config.
[06Apr2026 00:20:13.578] [Server thread/WARN] [tconstruct/]: Tool stack constructed using non-modifiable tool, this may cause issues as it has no NBT. To debug this issue or disable the warning, use logInvalidToolStack in the config.
[06Apr2026 00:20:14.103] [Server thread/WARN] [tconstruct/]: Tool stack constructed using non-modifiable tool, this may cause issues as it has no NBT. To debug this issue or disable the warning, use logInvalidToolStack in the config.
[06Apr2026 00:20:17.808] [Server thread/WARN] [tconstruct/]: Tool stack constructed using non-modifiable tool, this may cause issues as it has no NBT. To debug this issue or disable the warning, use logInvalidToolStack in the config.
[06Apr2026 00:20:18.347] [Server thread/WARN] [tconstruct/]: Tool stack constructed using non-modifiable tool, this may cause issues as it has no NBT. To debug this issue or disable the warning, use logInvalidToolStack in the config.
[06Apr2026 00:21:16.708] [Server thread/INFO] [AllTheLeaks/]: Listing events...
[06Apr2026 00:21:16.714] [Server thread/INFO] [AllTheLeaks/]: Server Player Clone: 13
[06Apr2026 00:21:16.714] [Server thread/INFO] [AllTheLeaks/]: Server Player Logout: 10
[06Apr2026 00:21:16.714] [Server thread/INFO] [AllTheLeaks/]: Listing memory leaks so far...
[06Apr2026 00:21:16.714] [Server thread/INFO] [AllTheLeaks/]: B: 1555MB / C: 2220MB / Diff: +665MB
[06Apr2026 00:21:16.714] [Server thread/INFO] [AllTheLeaks/]: Memory Leaks detected: (/atl force_refresh to update)
[06Apr2026 00:21:16.714] [Server thread/INFO] [AllTheLeaks/]: | ChunkAccess:
[06Apr2026 00:21:16.714] [Server thread/INFO] [AllTheLeaks/]: |- LevelChunk (minecraft): 982
[06Apr2026 00:21:24.249] [Server thread/WARN] [tconstruct/]: Tool stack constructed using non-modifiable tool, this may cause issues as it has no NBT. To debug this issue or disable the warning, use logInvalidToolStack in the config.
[06Apr2026 00:21:26.100] [Server thread/WARN] [tconstruct/]: Tool stack constructed using non-modifiable tool, this may cause issues as it has no NBT. To debug this issue or disable the warning, use logInvalidToolStack in the config.
[06Apr2026 00:21:26.101] [Server thread/WARN] [tconstruct/]: Tool stack constructed using non-modifiable tool, this may cause issues as it has no NBT. To debug this issue or disable the warning, use logInvalidToolStack in the config.
[06Apr2026 00:21:26.298] [Server thread/WARN] [tconstruct/]: Tool stack constructed using non-modifiable tool, this may cause issues as it has no NBT. To debug this issue or disable the warning, use logInvalidToolStack in the config.
[06Apr2026 00:21:26.299] [Server thread/WARN] [tconstruct/]: Tool stack constructed using non-modifiable tool, this may cause issues as it has no NBT. To debug this issue or disable the warning, use logInvalidToolStack in the config.
[06Apr2026 00:21:59.827] [Server thread/WARN] [tconstruct/]: Tool stack constructed using non-modifiable tool, this may cause issues as it has no NBT. To debug this issue or disable the warning, use logInvalidToolStack in the config.
[06Apr2026 00:22:01.696] [Server thread/WARN] [tconstruct/]: Tool stack constructed using non-modifiable tool, this may cause issues as it has no NBT. To debug this issue or disable the warning, use logInvalidToolStack in the config.
[06Apr2026 00:22:01.697] [Server thread/WARN] [tconstruct/]: Tool stack constructed using non-modifiable tool, this may cause issues as it has no NBT. To debug this issue or disable the warning, use logInvalidToolStack in the config.
[06Apr2026 00:22:01.902] [Server thread/WARN] [tconstruct/]: Tool stack constructed using non-modifiable tool, this may cause issues as it has no NBT. To debug this issue or disable the warning, use logInvalidToolStack in the config.
[06Apr2026 00:22:01.903] [Server thread/WARN] [tconstruct/]: Tool stack constructed using non-modifiable tool, this may cause issues as it has no NBT. To debug this issue or disable the warning, use logInvalidToolStack in the config.
[06Apr2026 00:22:02.104] [Server thread/WARN] [tconstruct/]: Tool stack constructed using non-modifiable tool, this may cause issues as it has no NBT. To debug this issue or disable the warning, use logInvalidToolStack in the config.
[06Apr2026 00:22:02.105] [Server thread/WARN] [tconstruct/]: Tool stack constructed using non-modifiable tool, this may cause issues as it has no NBT. To debug this issue or disable the warning, use logInvalidToolStack in the config.
[06Apr2026 00:22:08.148] [Server thread/WARN] [tconstruct/]: Tool stack constructed using non-modifiable tool, this may cause issues as it has no NBT. To debug this issue or disable the warning, use logInvalidToolStack in the config.
[06Apr2026 00:22:08.149] [Server thread/WARN] [tconstruct/]: Tool stack constructed using non-modifiable tool, this may cause issues as it has no NBT. To debug this issue or disable the warning, use logInvalidToolStack in the config.
[06Apr2026 00:22:08.349] [Server thread/WARN] [tconstruct/]: Tool stack constructed using non-modifiable tool, this may cause issues as it has no NBT. To debug this issue or disable the warning, use logInvalidToolStack in the config.
[06Apr2026 00:22:08.350] [Server thread/WARN] [tconstruct/]: Tool stack constructed using non-modifiable tool, this may cause issues as it has no NBT. To debug this issue or disable the warning, use logInvalidToolStack in the config.
[06Apr2026 00:22:08.555] [Server thread/WARN] [tconstruct/]: Tool stack constructed using non-modifiable tool, this may cause issues as it has no NBT. To debug this issue or disable the warning, use logInvalidToolStack in the config.
[06Apr2026 00:22:08.556] [Server thread/WARN] [tconstruct/]: Tool stack constructed using non-modifiable tool, this may cause issues as it has no NBT. To debug this issue or disable the warning, use logInvalidToolStack in the config.
[06Apr2026 00:22:08.764] [Server thread/WARN] [tconstruct/]: Tool stack constructed using non-modifiable tool, this may cause issues as it has no NBT. To debug this issue or disable the warning, use logInvalidToolStack in the config.
[06Apr2026 00:22:08.765] [Server thread/WARN] [tconstruct/]: Tool stack constructed using non-modifiable tool, this may cause issues as it has no NBT. To debug this issue or disable the warning, use logInvalidToolStack in the config.
[06Apr2026 00:22:08.779] [Server thread/INFO] [net.minecraft.server.MinecraftServer/]: [nchss00: Teleported nchss00 to 252.500000, 62.500000, 19.500000]
[06Apr2026 00:22:08.947] [Server thread/WARN] [tconstruct/]: Tool stack constructed using non-modifiable tool, this may cause issues as it has no NBT. To debug this issue or disable the warning, use logInvalidToolStack in the config.
[06Apr2026 00:22:08.948] [Server thread/WARN] [tconstruct/]: Tool stack constructed using non-modifiable tool, this may cause issues as it has no NBT. To debug this issue or disable the warning, use logInvalidToolStack in the config.
[06Apr2026 00:22:09.147] [Server thread/WARN] [tconstruct/]: Tool stack constructed using non-modifiable tool, this may cause issues as it has no NBT. To debug this issue or disable the warning, use logInvalidToolStack in the config.
[06Apr2026 00:22:09.148] [Server thread/WARN] [tconstruct/]: Tool stack constructed using non-modifiable tool, this may cause issues as it has no NBT. To debug this issue or disable the warning, use logInvalidToolStack in the config.
[06Apr2026 00:22:09.347] [Server thread/WARN] [tconstruct/]: Tool stack constructed using non-modifiable tool, this may cause issues as it has no NBT. To debug this issue or disable the warning, use logInvalidToolStack in the config.
[06Apr2026 00:22:09.347] [Server thread/WARN] [tconstruct/]: Tool stack constructed using non-modifiable tool, this may cause issues as it has no NBT. To debug this issue or disable the warning, use logInvalidToolStack in the config.
[06Apr2026 00:22:09.549] [Server thread/WARN] [tconstruct/]: Tool stack constructed using non-modifiable tool, this may cause issues as it has no NBT. To debug this issue or disable the warning, use logInvalidToolStack in the config.
[06Apr2026 00:22:09.550] [Server thread/WARN] [tconstruct/]: Tool stack constructed using non-modifiable tool, this may cause issues as it has no NBT. To debug this issue or disable the warning, use logInvalidToolStack in the config.
[06Apr2026 00:22:09.747] [Server thread/WARN] [tconstruct/]: Tool stack constructed using non-modifiable tool, this may cause issues as it has no NBT. To debug this issue or disable the warning, use logInvalidToolStack in the config.
[06Apr2026 00:22:09.747] [Server thread/WARN] [tconstruct/]: Tool stack constructed using non-modifiable tool, this may cause issues as it has no NBT. To debug this issue or disable the warning, use logInvalidToolStack in the config.
[06Apr2026 00:22:09.902] [Worker-Main-3/WARN] [ModernFix/]: Skipped emitting ENTITY_MOUNT game event for entity Strider['Strider'/147066, l='ServerLevel[world]', x=60.00, y=31.00, z=-102.00] as it would cause deadlock
[06Apr2026 00:22:09.951] [Server thread/WARN] [tconstruct/]: Tool stack constructed using non-modifiable tool, this may cause issues as it has no NBT. To debug this issue or disable the warning, use logInvalidToolStack in the config.
[06Apr2026 00:22:09.952] [Server thread/WARN] [tconstruct/]: Tool stack constructed using non-modifiable tool, this may cause issues as it has no NBT. To debug this issue or disable the warning, use logInvalidToolStack in the config.
[06Apr2026 00:22:10.156] [Server thread/WARN] [tconstruct/]: Tool stack constructed using non-modifiable tool, this may cause issues as it has no NBT. To debug this issue or disable the warning, use logInvalidToolStack in the config.
[06Apr2026 00:22:11.742] [Server thread/WARN] [tconstruct/]: Tool stack constructed using non-modifiable tool, this may cause issues as it has no NBT. To debug this issue or disable the warning, use logInvalidToolStack in the config.
[06Apr2026 00:22:11.750] [Server thread/WARN] [tconstruct/]: Tool stack constructed using non-modifiable tool, this may cause issues as it has no NBT. To debug this issue or disable the warning, use logInvalidToolStack in the config.
[06Apr2026 00:22:11.946] [Server thread/WARN] [tconstruct/]: Tool stack constructed using non-modifiable tool, this may cause issues as it has no NBT. To debug this issue or disable the warning, use logInvalidToolStack in the config.
[06Apr2026 00:22:11.947] [Server thread/WARN] [tconstruct/]: Tool stack constructed using non-modifiable tool, this may cause issues as it has no NBT. To debug this issue or disable the warning, use logInvalidToolStack in the config.
[06Apr2026 00:22:12.148] [Server thread/WARN] [tconstruct/]: Tool stack constructed using non-modifiable tool, this may cause issues as it has no NBT. To debug this issue or disable the warning, use logInvalidToolStack in the config.
[06Apr2026 00:22:12.149] [Server thread/WARN] [tconstruct/]: Tool stack constructed using non-modifiable tool, this may cause issues as it has no NBT. To debug this issue or disable the warning, use logInvalidToolStack in the config.
[06Apr2026 00:22:12.426] [Server thread/WARN] [tconstruct/]: Tool stack constructed using non-modifiable tool, this may cause issues as it has no NBT. To debug this issue or disable the warning, use logInvalidToolStack in the config.
[06Apr2026 00:22:12.427] [Server thread/WARN] [tconstruct/]: Tool stack constructed using non-modifiable tool, this may cause issues as it has no NBT. To debug this issue or disable the warning, use logInvalidToolStack in the config.
[06Apr2026 00:22:12.548] [Server thread/WARN] [tconstruct/]: Tool stack constructed using non-modifiable tool, this may cause issues as it has no NBT. To debug this issue or disable the warning, use logInvalidToolStack in the config.
[06Apr2026 00:22:12.549] [Server thread/WARN] [tconstruct/]: Tool stack constructed using non-modifiable tool, this may cause issues as it has no NBT. To debug this issue or disable the warning, use logInvalidToolStack in the config.
[06Apr2026 00:22:15.293] [Server thread/WARN] [tconstruct/]: Tool stack constructed using non-modifiable tool, this may cause issues as it has no NBT. To debug this issue or disable the warning, use logInvalidToolStack in the config.
[06Apr2026 00:22:15.293] [Server thread/WARN] [tconstruct/]: Tool stack constructed using non-modifiable tool, this may cause issues as it has no NBT. To debug this issue or disable the warning, use logInvalidToolStack in the config.
[06Apr2026 00:22:15.495] [Server thread/WARN] [tconstruct/]: Tool stack constructed using non-modifiable tool, this may cause issues as it has no NBT. To debug this issue or disable the warning, use logInvalidToolStack in the config.
[06Apr2026 00:22:15.496] [Server thread/WARN] [tconstruct/]: Tool stack constructed using non-modifiable tool, this may cause issues as it has no NBT. To debug this issue or disable the warning, use logInvalidToolStack in the config.
[06Apr2026 00:22:15.694] [Server thread/WARN] [tconstruct/]: Tool stack constructed using non-modifiable tool, this may cause issues as it has no NBT. To debug this issue or disable the warning, use logInvalidToolStack in the config.
[06Apr2026 00:22:15.695] [Server thread/WARN] [tconstruct/]: Tool stack constructed using non-modifiable tool, this may cause issues as it has no NBT. To debug this issue or disable the warning, use logInvalidToolStack in the config.
[06Apr2026 00:22:15.895] [Server thread/WARN] [tconstruct/]: Tool stack constructed using non-modifiable tool, this may cause issues as it has no NBT. To debug this issue or disable the warning, use logInvalidToolStack in the config.
[06Apr2026 00:22:15.896] [Server thread/WARN] [tconstruct/]: Tool stack constructed using non-modifiable tool, this may cause issues as it has no NBT. To debug this issue or disable the warning, use logInvalidToolStack in the config.
[06Apr2026 00:22:16.092] [Server thread/WARN] [tconstruct/]: Tool stack constructed using non-modifiable tool, this may cause issues as it has no NBT. To debug this issue or disable the warning, use logInvalidToolStack in the config.
[06Apr2026 00:22:16.094] [Server thread/WARN] [tconstruct/]: Tool stack constructed using non-modifiable tool, this may cause issues as it has no NBT. To debug this issue or disable the warning, use logInvalidToolStack in the config.
[06Apr2026 00:22:16.293] [Server thread/WARN] [tconstruct/]: Tool stack constructed using non-modifiable tool, this may cause issues as it has no NBT. To debug this issue or disable the warning, use logInvalidToolStack in the config.
[06Apr2026 00:22:16.301] [Server thread/WARN] [tconstruct/]: Tool stack constructed using non-modifiable tool, this may cause issues as it has no NBT. To debug this issue or disable the warning, use logInvalidToolStack in the config.
[06Apr2026 00:22:16.494] [Server thread/WARN] [tconstruct/]: Tool stack constructed using non-modifiable tool, this may cause issues as it has no NBT. To debug this issue or disable the warning, use logInvalidToolStack in the config.
[06Apr2026 00:22:16.502] [Server thread/WARN] [tconstruct/]: Tool stack constructed using non-modifiable tool, this may cause issues as it has no NBT. To debug this issue or disable the warning, use logInvalidToolStack in the config.
[06Apr2026 00:22:16.695] [Server thread/WARN] [tconstruct/]: Tool stack constructed using non-modifiable tool, this may cause issues as it has no NBT. To debug this issue or disable the warning, use logInvalidToolStack in the config.
[06Apr2026 00:22:16.696] [Server thread/WARN] [tconstruct/]: Tool stack constructed using non-modifiable tool, this may cause issues as it has no NBT. To debug this issue or disable the warning, use logInvalidToolStack in the config.
[06Apr2026 00:22:16.904] [Server thread/WARN] [tconstruct/]: Tool stack constructed using non-modifiable tool, this may cause issues as it has no NBT. To debug this issue or disable the warning, use logInvalidToolStack in the config.
[06Apr2026 00:22:16.909] [Server thread/WARN] [tconstruct/]: Tool stack constructed using non-modifiable tool, this may cause issues as it has no NBT. To debug this issue or disable the warning, use logInvalidToolStack in the config.
[06Apr2026 00:22:17.103] [Server thread/WARN] [tconstruct/]: Tool stack constructed using non-modifiable tool, this may cause issues as it has no NBT. To debug this issue or disable the warning, use logInvalidToolStack in the config.
[06Apr2026 00:22:17.104] [Server thread/WARN] [tconstruct/]: Tool stack constructed using non-modifiable tool, this may cause issues as it has no NBT. To debug this issue or disable the warning, use logInvalidToolStack in the config.
[06Apr2026 00:22:17.145] [Server thread/INFO] [net.minecraft.server.MinecraftServer/]: valencapo10 burned to death
[06Apr2026 00:22:17.146] [Server thread/INFO] [gravestone/]: The death ID of player valencapo10 is c0c48306-47a8-4a85-bd0a-a2e15fced8f7
[06Apr2026 00:22:21.025] [Worker-Main-2/WARN] [ModernFix/]: Skipped emitting ENTITY_MOUNT game event for entity Strider['Strider'/147602, l='ServerLevel[world]', x=46.00, y=31.00, z=-70.00] as it would cause deadlock
[06Apr2026 00:22:22.754] [Server thread/WARN] [net.minecraft.server.level.ServerPlayerGameMode/]: Mismatch in destroy block pos: BlockPos{x=233, y=51, z=-8} BlockPos{x=233, y=49, z=-8}
[06Apr2026 00:23:03.266] [Server thread/INFO] [net.minecraft.server.MinecraftServer/]: [valencapo10: Teleported valencapo10 to 357.500000, 29.500000, -183.500000]
[06Apr2026 00:23:16.194] [Server thread/WARN] [tconstruct/]: Tool stack constructed using non-modifiable tool, this may cause issues as it has no NBT. To debug this issue or disable the warning, use logInvalidToolStack in the config.
[06Apr2026 00:23:19.047] [Server thread/WARN] [tconstruct/]: Tool stack constructed using non-modifiable tool, this may cause issues as it has no NBT. To debug this issue or disable the warning, use logInvalidToolStack in the config.
[06Apr2026 00:23:19.395] [Server thread/WARN] [tconstruct/]: Tool stack constructed using non-modifiable tool, this may cause issues as it has no NBT. To debug this issue or disable the warning, use logInvalidToolStack in the config.
[06Apr2026 00:23:19.843] [Server thread/WARN] [tconstruct/]: Tool stack constructed using non-modifiable tool, this may cause issues as it has no NBT. To debug this issue or disable the warning, use logInvalidToolStack in the config.
[06Apr2026 00:23:20.194] [Server thread/WARN] [tconstruct/]: Tool stack constructed using non-modifiable tool, this may cause issues as it has no NBT. To debug this issue or disable the warning, use logInvalidToolStack in the config.
[06Apr2026 00:23:20.543] [Server thread/WARN] [tconstruct/]: Tool stack constructed using non-modifiable tool, this may cause issues as it has no NBT. To debug this issue or disable the warning, use logInvalidToolStack in the config.
[06Apr2026 00:23:20.895] [Server thread/WARN] [tconstruct/]: Tool stack constructed using non-modifiable tool, this may cause issues as it has no NBT. To debug this issue or disable the warning, use logInvalidToolStack in the config.
[06Apr2026 00:23:55.544] [Server thread/WARN] [tconstruct/]: Tool stack constructed using non-modifiable tool, this may cause issues as it has no NBT. To debug this issue or disable the warning, use logInvalidToolStack in the config.
[06Apr2026 00:23:55.896] [Server thread/WARN] [tconstruct/]: Tool stack constructed using non-modifiable tool, this may cause issues as it has no NBT. To debug this issue or disable the warning, use logInvalidToolStack in the config.
[06Apr2026 00:23:59.065] [Server thread/WARN] [tconstruct/]: Tool stack constructed using non-modifiable tool, this may cause issues as it has no NBT. To debug this issue or disable the warning, use logInvalidToolStack in the config.
[06Apr2026 00:24:00.346] [Server thread/WARN] [tconstruct/]: Tool stack constructed using non-modifiable tool, this may cause issues as it has no NBT. To debug this issue or disable the warning, use logInvalidToolStack in the config.
[06Apr2026 00:24:00.549] [Server thread/WARN] [tconstruct/]: Tool stack constructed using non-modifiable tool, this may cause issues as it has no NBT. To debug this issue or disable the warning, use logInvalidToolStack in the config.
[06Apr2026 00:24:00.743] [Server thread/WARN] [tconstruct/]: Tool stack constructed using non-modifiable tool, this may cause issues as it has no NBT. To debug this issue or disable the warning, use logInvalidToolStack in the config.
[06Apr2026 00:24:00.944] [Server thread/WARN] [tconstruct/]: Tool stack constructed using non-modifiable tool, this may cause issues as it has no NBT. To debug this issue or disable the warning, use logInvalidToolStack in the config.
[06Apr2026 00:24:01.143] [Server thread/WARN] [tconstruct/]: Tool stack constructed using non-modifiable tool, this may cause issues as it has no NBT. To debug this issue or disable the warning, use logInvalidToolStack in the config.
[06Apr2026 00:24:01.750] [Server thread/WARN] [tconstruct/]: Tool stack constructed using non-modifiable tool, this may cause issues as it has no NBT. To debug this issue or disable the warning, use logInvalidToolStack in the config.
[06Apr2026 00:24:01.955] [Server thread/WARN] [tconstruct/]: Tool stack constructed using non-modifiable tool, this may cause issues as it has no NBT. To debug this issue or disable the warning, use logInvalidToolStack in the config.
[06Apr2026 00:24:02.144] [Server thread/WARN] [tconstruct/]: Tool stack constructed using non-modifiable tool, this may cause issues as it has no NBT. To debug this issue or disable the warning, use logInvalidToolStack in the config.
[06Apr2026 00:24:02.344] [Server thread/WARN] [tconstruct/]: Tool stack constructed using non-modifiable tool, this may cause issues as it has no NBT. To debug this issue or disable the warning, use logInvalidToolStack in the config.
[06Apr2026 00:24:02.743] [Server thread/WARN] [tconstruct/]: Tool stack constructed using non-modifiable tool, this may cause issues as it has no NBT. To debug this issue or disable the warning, use logInvalidToolStack in the config.
[06Apr2026 00:24:02.946] [Server thread/WARN] [tconstruct/]: Tool stack constructed using non-modifiable tool, this may cause issues as it has no NBT. To debug this issue or disable the warning, use logInvalidToolStack in the config.
[06Apr2026 00:24:03.392] [Server thread/WARN] [tconstruct/]: Tool stack constructed using non-modifiable tool, this may cause issues as it has no NBT. To debug this issue or disable the warning, use logInvalidToolStack in the config.
[06Apr2026 00:24:03.594] [Server thread/WARN] [tconstruct/]: Tool stack constructed using non-modifiable tool, this may cause issues as it has no NBT. To debug this issue or disable the warning, use logInvalidToolStack in the config.
[06Apr2026 00:24:03.797] [Server thread/WARN] [tconstruct/]: Tool stack constructed using non-modifiable tool, this may cause issues as it has no NBT. To debug this issue or disable the warning, use logInvalidToolStack in the config.
[06Apr2026 00:24:03.996] [Server thread/WARN] [tconstruct/]: Tool stack constructed using non-modifiable tool, this may cause issues as it has no NBT. To debug this issue or disable the warning, use logInvalidToolStack in the config.
[06Apr2026 00:24:04.192] [Server thread/WARN] [tconstruct/]: Tool stack constructed using non-modifiable tool, this may cause issues as it has no NBT. To debug this issue or disable the warning, use logInvalidToolStack in the config.
[06Apr2026 00:24:04.397] [Server thread/WARN] [tconstruct/]: Tool stack constructed using non-modifiable tool, this may cause issues as it has no NBT. To debug this issue or disable the warning, use logInvalidToolStack in the config.
[06Apr2026 00:24:40.703] [Server thread/INFO] [net.minecraft.server.MinecraftServer/]: nchss00 has made the advancement [Ice Bucket Challenge]
[06Apr2026 00:25:11.344] [Server thread/INFO] [net.minecraft.server.MinecraftServer/]: [nchss00: Teleported valencapo10 to nchss00]
[06Apr2026 00:26:28.290] [Server thread/WARN] [tconstruct/]: Tool stack constructed using non-modifiable tool, this may cause issues as it has no NBT. To debug this issue or disable the warning, use logInvalidToolStack in the config.
[06Apr2026 00:26:28.777] [Server thread/WARN] [tconstruct/]: Tool stack constructed using non-modifiable tool, this may cause issues as it has no NBT. To debug this issue or disable the warning, use logInvalidToolStack in the config.
[06Apr2026 00:26:29.265] [Server thread/WARN] [tconstruct/]: Tool stack constructed using non-modifiable tool, this may cause issues as it has no NBT. To debug this issue or disable the warning, use logInvalidToolStack in the config.
[06Apr2026 00:26:29.913] [Server thread/WARN] [tconstruct/]: Tool stack constructed using non-modifiable tool, this may cause issues as it has no NBT. To debug this issue or disable the warning, use logInvalidToolStack in the config.
[06Apr2026 00:26:30.368] [Server thread/WARN] [tconstruct/]: Tool stack constructed using non-modifiable tool, this may cause issues as it has no NBT. To debug this issue or disable the warning, use logInvalidToolStack in the config.
[06Apr2026 00:26:30.864] [Server thread/WARN] [tconstruct/]: Tool stack constructed using non-modifiable tool, this may cause issues as it has no NBT. To debug this issue or disable the warning, use logInvalidToolStack in the config.
[06Apr2026 00:26:31.265] [Server thread/WARN] [tconstruct/]: Tool stack constructed using non-modifiable tool, this may cause issues as it has no NBT. To debug this issue or disable the warning, use logInvalidToolStack in the config.
[06Apr2026 00:26:31.768] [Server thread/WARN] [tconstruct/]: Tool stack constructed using non-modifiable tool, this may cause issues as it has no NBT. To debug this issue or disable the warning, use logInvalidToolStack in the config.
[06Apr2026 00:26:32.172] [Server thread/WARN] [tconstruct/]: Tool stack constructed using non-modifiable tool, this may cause issues as it has no NBT. To debug this issue or disable the warning, use logInvalidToolStack in the config.
[06Apr2026 00:26:32.667] [Server thread/WARN] [tconstruct/]: Tool stack constructed using non-modifiable tool, this may cause issues as it has no NBT. To debug this issue or disable the warning, use logInvalidToolStack in the config.
[06Apr2026 00:26:32.864] [Server thread/WARN] [tconstruct/]: Tool stack constructed using non-modifiable tool, this may cause issues as it has no NBT. To debug this issue or disable the warning, use logInvalidToolStack in the config.
[06Apr2026 00:28:50.865] [Server thread/INFO] [net.minecraft.server.MinecraftServer/]: [nchss00: Set own game mode to Spectator Mode]
[06Apr2026 00:28:55.229] [Server thread/INFO] [net.minecraft.server.MinecraftServer/]: [nchss00: Set own game mode to Survival Mode]
[06Apr2026 00:29:36.640] [Server thread/INFO] [net.minecraft.server.MinecraftServer/]: [nchss00: Set own game mode to Spectator Mode]
[06Apr2026 00:30:16.606] [Server thread/INFO] [net.minecraft.server.MinecraftServer/]: [nchss00: Set own game mode to Survival Mode]
[06Apr2026 00:30:21.825] [Server thread/WARN] [tconstruct/]: Tool stack constructed using non-modifiable tool, this may cause issues as it has no NBT. To debug this issue or disable the warning, use logInvalidToolStack in the config.
[06Apr2026 00:30:22.701] [Server thread/WARN] [tconstruct/]: Tool stack constructed using non-modifiable tool, this may cause issues as it has no NBT. To debug this issue or disable the warning, use logInvalidToolStack in the config.
[06Apr2026 00:30:43.121] [Server thread/WARN] [tconstruct/]: Tool stack constructed using non-modifiable tool, this may cause issues as it has no NBT. To debug this issue or disable the warning, use logInvalidToolStack in the config.
[06Apr2026 00:30:43.580] [Server thread/WARN] [tconstruct/]: Tool stack constructed using non-modifiable tool, this may cause issues as it has no NBT. To debug this issue or disable the warning, use logInvalidToolStack in the config.
[06Apr2026 00:30:44.846] [Server thread/INFO] [net.minecraft.server.MinecraftServer/]: nchss00 has made the advancement [A Terrible Fortress]
[06Apr2026 00:30:55.444] [Server thread/INFO] [net.minecraft.server.MinecraftServer/]: nchss00 has made the advancement [Spooky Scary Skeleton]
[06Apr2026 00:31:02.046] [Server thread/WARN] [tconstruct/]: Tool stack constructed using non-modifiable tool, this may cause issues as it has no NBT. To debug this issue or disable the warning, use logInvalidToolStack in the config.
[06Apr2026 00:31:16.749] [Server thread/INFO] [AllTheLeaks/]: Listing events...
[06Apr2026 00:31:16.749] [Server thread/INFO] [AllTheLeaks/]: Server Player Clone: 14
[06Apr2026 00:31:16.749] [Server thread/INFO] [AllTheLeaks/]: Server Player Logout: 10
[06Apr2026 00:31:16.750] [Server thread/INFO] [AllTheLeaks/]: Listing memory leaks so far...
[06Apr2026 00:31:16.750] [Server thread/INFO] [AllTheLeaks/]: B: 1555MB / C: 2304MB / Diff: +749MB
[06Apr2026 00:31:16.750] [Server thread/INFO] [AllTheLeaks/]: Memory Leaks detected: (/atl force_refresh to update)
[06Apr2026 00:31:16.750] [Server thread/INFO] [AllTheLeaks/]: | ChunkAccess:
[06Apr2026 00:31:16.750] [Server thread/INFO] [AllTheLeaks/]: |- LevelChunk (minecraft): 1496
[06Apr2026 00:31:16.750] [Server thread/INFO] [AllTheLeaks/]: | Player:
[06Apr2026 00:31:16.750] [Server thread/INFO] [AllTheLeaks/]: |- ServerPlayer (minecraft): 1
[06Apr2026 00:33:50.545] [Server thread/INFO] [net.minecraft.server.MinecraftServer/]: nchss00 has made the advancement [Into Fire]
[06Apr2026 00:34:27.106] [Server thread/WARN] [tconstruct/]: Tool stack constructed using non-modifiable tool, this may cause issues as it has no NBT. To debug this issue or disable the warning, use logInvalidToolStack in the config.
[06Apr2026 00:34:35.352] [Server thread/WARN] [tconstruct/]: Tool stack constructed using non-modifiable tool, this may cause issues as it has no NBT. To debug this issue or disable the warning, use logInvalidToolStack in the config.
[06Apr2026 00:34:37.096] [Server thread/WARN] [tconstruct/]: Tool stack constructed using non-modifiable tool, this may cause issues as it has no NBT. To debug this issue or disable the warning, use logInvalidToolStack in the config.
[06Apr2026 00:34:39.449] [Server thread/WARN] [tconstruct/]: Tool stack constructed using non-modifiable tool, this may cause issues as it has no NBT. To debug this issue or disable the warning, use logInvalidToolStack in the config.
[06Apr2026 00:34:40.647] [Server thread/WARN] [tconstruct/]: Tool stack constructed using non-modifiable tool, this may cause issues as it has no NBT. To debug this issue or disable the warning, use logInvalidToolStack in the config.
[06Apr2026 00:34:41.096] [Server thread/WARN] [tconstruct/]: Tool stack constructed using non-modifiable tool, this may cause issues as it has no NBT. To debug this issue or disable the warning, use logInvalidToolStack in the config.
[06Apr2026 00:34:41.407] [Server thread/WARN] [tconstruct/]: Tool stack constructed using non-modifiable tool, this may cause issues as it has no NBT. To debug this issue or disable the warning, use logInvalidToolStack in the config.
[06Apr2026 00:34:41.600] [Server thread/WARN] [tconstruct/]: Tool stack constructed using non-modifiable tool, this may cause issues as it has no NBT. To debug this issue or disable the warning, use logInvalidToolStack in the config.
[06Apr2026 00:34:41.798] [Server thread/WARN] [tconstruct/]: Tool stack constructed using non-modifiable tool, this may cause issues as it has no NBT. To debug this issue or disable the warning, use logInvalidToolStack in the config.
[06Apr2026 00:34:42.003] [Server thread/WARN] [tconstruct/]: Tool stack constructed using non-modifiable tool, this may cause issues as it has no NBT. To debug this issue or disable the warning, use logInvalidToolStack in the config.
[06Apr2026 00:34:42.197] [Server thread/WARN] [tconstruct/]: Tool stack constructed using non-modifiable tool, this may cause issues as it has no NBT. To debug this issue or disable the warning, use logInvalidToolStack in the config.
[06Apr2026 00:34:42.399] [Server thread/WARN] [tconstruct/]: Tool stack constructed using non-modifiable tool, this may cause issues as it has no NBT. To debug this issue or disable the warning, use logInvalidToolStack in the config.
[06Apr2026 00:34:42.597] [Server thread/WARN] [tconstruct/]: Tool stack constructed using non-modifiable tool, this may cause issues as it has no NBT. To debug this issue or disable the warning, use logInvalidToolStack in the config.
[06Apr2026 00:34:42.803] [Server thread/WARN] [tconstruct/]: Tool stack constructed using non-modifiable tool, this may cause issues as it has no NBT. To debug this issue or disable the warning, use logInvalidToolStack in the config.
[06Apr2026 00:34:43.002] [Server thread/WARN] [tconstruct/]: Tool stack constructed using non-modifiable tool, this may cause issues as it has no NBT. To debug this issue or disable the warning, use logInvalidToolStack in the config.
[06Apr2026 00:34:43.198] [Server thread/WARN] [tconstruct/]: Tool stack constructed using non-modifiable tool, this may cause issues as it has no NBT. To debug this issue or disable the warning, use logInvalidToolStack in the config.
[06Apr2026 00:34:43.398] [Server thread/WARN] [tconstruct/]: Tool stack constructed using non-modifiable tool, this may cause issues as it has no NBT. To debug this issue or disable the warning, use logInvalidToolStack in the config.
[06Apr2026 00:34:43.598] [Server thread/WARN] [tconstruct/]: Tool stack constructed using non-modifiable tool, this may cause issues as it has no NBT. To debug this issue or disable the warning, use logInvalidToolStack in the config.
[06Apr2026 00:34:43.799] [Server thread/WARN] [tconstruct/]: Tool stack constructed using non-modifiable tool, this may cause issues as it has no NBT. To debug this issue or disable the warning, use logInvalidToolStack in the config.
[06Apr2026 00:34:43.998] [Server thread/WARN] [tconstruct/]: Tool stack constructed using non-modifiable tool, this may cause issues as it has no NBT. To debug this issue or disable the warning, use logInvalidToolStack in the config.
[06Apr2026 00:34:44.199] [Server thread/WARN] [tconstruct/]: Tool stack constructed using non-modifiable tool, this may cause issues as it has no NBT. To debug this issue or disable the warning, use logInvalidToolStack in the config.
[06Apr2026 00:34:44.400] [Server thread/WARN] [tconstruct/]: Tool stack constructed using non-modifiable tool, this may cause issues as it has no NBT. To debug this issue or disable the warning, use logInvalidToolStack in the config.
[06Apr2026 00:34:44.603] [Server thread/WARN] [tconstruct/]: Tool stack constructed using non-modifiable tool, this may cause issues as it has no NBT. To debug this issue or disable the warning, use logInvalidToolStack in the config.
[06Apr2026 00:34:44.798] [Server thread/WARN] [tconstruct/]: Tool stack constructed using non-modifiable tool, this may cause issues as it has no NBT. To debug this issue or disable the warning, use logInvalidToolStack in the config.
[06Apr2026 00:34:45.001] [Server thread/WARN] [tconstruct/]: Tool stack constructed using non-modifiable tool, this may cause issues as it has no NBT. To debug this issue or disable the warning, use logInvalidToolStack in the config.
[06Apr2026 00:34:45.198] [Server thread/WARN] [tconstruct/]: Tool stack constructed using non-modifiable tool, this may cause issues as it has no NBT. To debug this issue or disable the warning, use logInvalidToolStack in the config.
[06Apr2026 00:34:45.398] [Server thread/WARN] [tconstruct/]: Tool stack constructed using non-modifiable tool, this may cause issues as it has no NBT. To debug this issue or disable the warning, use logInvalidToolStack in the config.
[06Apr2026 00:34:45.598] [Server thread/WARN] [tconstruct/]: Tool stack constructed using non-modifiable tool, this may cause issues as it has no NBT. To debug this issue or disable the warning, use logInvalidToolStack in the config.
[06Apr2026 00:34:45.777] [Server thread/WARN] [tconstruct/]: Tool stack constructed using non-modifiable tool, this may cause issues as it has no NBT. To debug this issue or disable the warning, use logInvalidToolStack in the config.
[06Apr2026 00:34:46.002] [Server thread/WARN] [tconstruct/]: Tool stack constructed using non-modifiable tool, this may cause issues as it has no NBT. To debug this issue or disable the warning, use logInvalidToolStack in the config.
[06Apr2026 00:34:46.200] [Server thread/WARN] [tconstruct/]: Tool stack constructed using non-modifiable tool, this may cause issues as it has no NBT. To debug this issue or disable the warning, use logInvalidToolStack in the config.
[06Apr2026 00:34:46.402] [Server thread/WARN] [tconstruct/]: Tool stack constructed using non-modifiable tool, this may cause issues as it has no NBT. To debug this issue or disable the warning, use logInvalidToolStack in the config.
[06Apr2026 00:34:46.598] [Server thread/WARN] [tconstruct/]: Tool stack constructed using non-modifiable tool, this may cause issues as it has no NBT. To debug this issue or disable the warning, use logInvalidToolStack in the config.
[06Apr2026 00:34:46.801] [Server thread/WARN] [tconstruct/]: Tool stack constructed using non-modifiable tool, this may cause issues as it has no NBT. To debug this issue or disable the warning, use logInvalidToolStack in the config.
[06Apr2026 00:34:46.998] [Server thread/WARN] [tconstruct/]: Tool stack constructed using non-modifiable tool, this may cause issues as it has no NBT. To debug this issue or disable the warning, use logInvalidToolStack in the config.
[06Apr2026 00:34:47.196] [Server thread/WARN] [tconstruct/]: Tool stack constructed using non-modifiable tool, this may cause issues as it has no NBT. To debug this issue or disable the warning, use logInvalidToolStack in the config.
[06Apr2026 00:34:47.379] [Server thread/WARN] [tconstruct/]: Tool stack constructed using non-modifiable tool, this may cause issues as it has no NBT. To debug this issue or disable the warning, use logInvalidToolStack in the config.
[06Apr2026 00:34:47.580] [Server thread/WARN] [tconstruct/]: Tool stack constructed using non-modifiable tool, this may cause issues as it has no NBT. To debug this issue or disable the warning, use logInvalidToolStack in the config.
[06Apr2026 00:34:47.798] [Server thread/WARN] [tconstruct/]: Tool stack constructed using non-modifiable tool, this may cause issues as it has no NBT. To debug this issue or disable the warning, use logInvalidToolStack in the config.
[06Apr2026 00:34:47.997] [Server thread/WARN] [tconstruct/]: Tool stack constructed using non-modifiable tool, this may cause issues as it has no NBT. To debug this issue or disable the warning, use logInvalidToolStack in the config.
[06Apr2026 00:34:48.196] [Server thread/WARN] [tconstruct/]: Tool stack constructed using non-modifiable tool, this may cause issues as it has no NBT. To debug this issue or disable the warning, use logInvalidToolStack in the config.
[06Apr2026 00:34:48.396] [Server thread/WARN] [tconstruct/]: Tool stack constructed using non-modifiable tool, this may cause issues as it has no NBT. To debug this issue or disable the warning, use logInvalidToolStack in the config.
[06Apr2026 00:34:48.598] [Server thread/WARN] [tconstruct/]: Tool stack constructed using non-modifiable tool, this may cause issues as it has no NBT. To debug this issue or disable the warning, use logInvalidToolStack in the config.
[06Apr2026 00:34:48.795] [Server thread/WARN] [tconstruct/]: Tool stack constructed using non-modifiable tool, this may cause issues as it has no NBT. To debug this issue or disable the warning, use logInvalidToolStack in the config.
[06Apr2026 00:34:49.006] [Server thread/WARN] [tconstruct/]: Tool stack constructed using non-modifiable tool, this may cause issues as it has no NBT. To debug this issue or disable the warning, use logInvalidToolStack in the config.
[06Apr2026 00:34:49.198] [Server thread/WARN] [tconstruct/]: Tool stack constructed using non-modifiable tool, this may cause issues as it has no NBT. To debug this issue or disable the warning, use logInvalidToolStack in the config.
[06Apr2026 00:34:49.397] [Server thread/WARN] [tconstruct/]: Tool stack constructed using non-modifiable tool, this may cause issues as it has no NBT. To debug this issue or disable the warning, use logInvalidToolStack in the config.
[06Apr2026 00:34:51.148] [Server thread/WARN] [tconstruct/]: Tool stack constructed using non-modifiable tool, this may cause issues as it has no NBT. To debug this issue or disable the warning, use logInvalidToolStack in the config.
[06Apr2026 00:34:51.346] [Server thread/WARN] [tconstruct/]: Tool stack constructed using non-modifiable tool, this may cause issues as it has no NBT. To debug this issue or disable the warning, use logInvalidToolStack in the config.
[06Apr2026 00:34:51.548] [Server thread/WARN] [tconstruct/]: Tool stack constructed using non-modifiable tool, this may cause issues as it has no NBT. To debug this issue or disable the warning, use logInvalidToolStack in the config.
[06Apr2026 00:34:51.730] [Server thread/WARN] [tconstruct/]: Tool stack constructed using non-modifiable tool, this may cause issues as it has no NBT. To debug this issue or disable the warning, use logInvalidToolStack in the config.
[06Apr2026 00:34:51.929] [Server thread/WARN] [tconstruct/]: Tool stack constructed using non-modifiable tool, this may cause issues as it has no NBT. To debug this issue or disable the warning, use logInvalidToolStack in the config.
[06Apr2026 00:34:52.146] [Server thread/WARN] [tconstruct/]: Tool stack constructed using non-modifiable tool, this may cause issues as it has no NBT. To debug this issue or disable the warning, use logInvalidToolStack in the config.
[06Apr2026 00:34:52.348] [Server thread/WARN] [tconstruct/]: Tool stack constructed using non-modifiable tool, this may cause issues as it has no NBT. To debug this issue or disable the warning, use logInvalidToolStack in the config.
[06Apr2026 00:34:52.506] [Server thread/WARN] [tconstruct/]: Tool stack constructed using non-modifiable tool, this may cause issues as it has no NBT. To debug this issue or disable the warning, use logInvalidToolStack in the config.
[06Apr2026 00:34:52.553] [Server thread/WARN] [tconstruct/]: Tool stack constructed using non-modifiable tool, this may cause issues as it has no NBT. To debug this issue or disable the warning, use logInvalidToolStack in the config.
[06Apr2026 00:34:52.748] [Server thread/WARN] [tconstruct/]: Tool stack constructed using non-modifiable tool, this may cause issues as it has no NBT. To debug this issue or disable the warning, use logInvalidToolStack in the config.
[06Apr2026 00:34:52.946] [Server thread/WARN] [tconstruct/]: Tool stack constructed using non-modifiable tool, this may cause issues as it has no NBT. To debug this issue or disable the warning, use logInvalidToolStack in the config.
[06Apr2026 00:34:53.149] [Server thread/WARN] [tconstruct/]: Tool stack constructed using non-modifiable tool, this may cause issues as it has no NBT. To debug this issue or disable the warning, use logInvalidToolStack in the config.
[06Apr2026 00:34:53.348] [Server thread/WARN] [tconstruct/]: Tool stack constructed using non-modifiable tool, this may cause issues as it has no NBT. To debug this issue or disable the warning, use logInvalidToolStack in the config.
[06Apr2026 00:34:55.497] [Server thread/WARN] [tconstruct/]: Tool stack constructed using non-modifiable tool, this may cause issues as it has no NBT. To debug this issue or disable the warning, use logInvalidToolStack in the config.
[06Apr2026 00:35:00.301] [Server thread/WARN] [tconstruct/]: Tool stack constructed using non-modifiable tool, this may cause issues as it has no NBT. To debug this issue or disable the warning, use logInvalidToolStack in the config.
[06Apr2026 00:35:00.499] [Server thread/WARN] [tconstruct/]: Tool stack constructed using non-modifiable tool, this may cause issues as it has no NBT. To debug this issue or disable the warning, use logInvalidToolStack in the config.
[06Apr2026 00:35:04.248] [Server thread/WARN] [tconstruct/]: Tool stack constructed using non-modifiable tool, this may cause issues as it has no NBT. To debug this issue or disable the warning, use logInvalidToolStack in the config.
[06Apr2026 00:35:17.906] [Server thread/WARN] [tconstruct/]: Tool stack constructed using non-modifiable tool, this may cause issues as it has no NBT. To debug this issue or disable the warning, use logInvalidToolStack in the config.
[06Apr2026 00:35:23.848] [Server thread/WARN] [tconstruct/]: Tool stack constructed using non-modifiable tool, this may cause issues as it has no NBT. To debug this issue or disable the warning, use logInvalidToolStack in the config.
[06Apr2026 00:35:24.209] [Server thread/WARN] [tconstruct/]: Tool stack constructed using non-modifiable tool, this may cause issues as it has no NBT. To debug this issue or disable the warning, use logInvalidToolStack in the config.
[06Apr2026 00:35:24.750] [Server thread/WARN] [tconstruct/]: Tool stack constructed using non-modifiable tool, this may cause issues as it has no NBT. To debug this issue or disable the warning, use logInvalidToolStack in the config.
[06Apr2026 00:35:28.004] [Server thread/WARN] [tconstruct/]: Tool stack constructed using non-modifiable tool, this may cause issues as it has no NBT. To debug this issue or disable the warning, use logInvalidToolStack in the config.
[06Apr2026 00:35:28.356] [Server thread/WARN] [tconstruct/]: Tool stack constructed using non-modifiable tool, this may cause issues as it has no NBT. To debug this issue or disable the warning, use logInvalidToolStack in the config.
[06Apr2026 00:35:29.069] [Server thread/WARN] [tconstruct/]: Tool stack constructed using non-modifiable tool, this may cause issues as it has no NBT. To debug this issue or disable the warning, use logInvalidToolStack in the config.
[06Apr2026 00:35:31.900] [Server thread/WARN] [tconstruct/]: Tool stack constructed using non-modifiable tool, this may cause issues as it has no NBT. To debug this issue or disable the warning, use logInvalidToolStack in the config.
[06Apr2026 00:35:32.152] [Server thread/WARN] [tconstruct/]: Tool stack constructed using non-modifiable tool, this may cause issues as it has no NBT. To debug this issue or disable the warning, use logInvalidToolStack in the config.
[06Apr2026 00:35:32.751] [Server thread/WARN] [tconstruct/]: Tool stack constructed using non-modifiable tool, this may cause issues as it has no NBT. To debug this issue or disable the warning, use logInvalidToolStack in the config.
[06Apr2026 00:35:37.100] [Server thread/WARN] [tconstruct/]: Tool stack constructed using non-modifiable tool, this may cause issues as it has no NBT. To debug this issue or disable the warning, use logInvalidToolStack in the config.
[06Apr2026 00:35:38.506] [Server thread/WARN] [tconstruct/]: Tool stack constructed using non-modifiable tool, this may cause issues as it has no NBT. To debug this issue or disable the warning, use logInvalidToolStack in the config.
[06Apr2026 00:35:39.300] [Server thread/WARN] [tconstruct/]: Tool stack constructed using non-modifiable tool, this may cause issues as it has no NBT. To debug this issue or disable the warning, use logInvalidToolStack in the config.
[06Apr2026 00:35:39.654] [Server thread/WARN] [tconstruct/]: Tool stack constructed using non-modifiable tool, this may cause issues as it has no NBT. To debug this issue or disable the warning, use logInvalidToolStack in the config.
[06Apr2026 00:35:40.253] [Server thread/WARN] [tconstruct/]: Tool stack constructed using non-modifiable tool, this may cause issues as it has no NBT. To debug this issue or disable the warning, use logInvalidToolStack in the config.
[06Apr2026 00:35:40.856] [Server thread/WARN] [tconstruct/]: Tool stack constructed using non-modifiable tool, this may cause issues as it has no NBT. To debug this issue or disable the warning, use logInvalidToolStack in the config.
[06Apr2026 00:35:47.112] [Server thread/WARN] [tconstruct/]: Tool stack constructed using non-modifiable tool, this may cause issues as it has no NBT. To debug this issue or disable the warning, use logInvalidToolStack in the config.
[06Apr2026 00:35:58.652] [Server thread/WARN] [tconstruct/]: Tool stack constructed using non-modifiable tool, this may cause issues as it has no NBT. To debug this issue or disable the warning, use logInvalidToolStack in the config.
[06Apr2026 00:35:59.356] [Server thread/WARN] [tconstruct/]: Tool stack constructed using non-modifiable tool, this may cause issues as it has no NBT. To debug this issue or disable the warning, use logInvalidToolStack in the config.
[06Apr2026 00:35:59.553] [Server thread/WARN] [tconstruct/]: Tool stack constructed using non-modifiable tool, this may cause issues as it has no NBT. To debug this issue or disable the warning, use logInvalidToolStack in the config.
[06Apr2026 00:36:03.102] [Server thread/WARN] [tconstruct/]: Tool stack constructed using non-modifiable tool, this may cause issues as it has no NBT. To debug this issue or disable the warning, use logInvalidToolStack in the config.
[06Apr2026 00:36:03.353] [Server thread/WARN] [tconstruct/]: Tool stack constructed using non-modifiable tool, this may cause issues as it has no NBT. To debug this issue or disable the warning, use logInvalidToolStack in the config.
[06Apr2026 00:36:09.303] [Server thread/WARN] [tconstruct/]: Tool stack constructed using non-modifiable tool, this may cause issues as it has no NBT. To debug this issue or disable the warning, use logInvalidToolStack in the config.
[06Apr2026 00:36:09.753] [Server thread/WARN] [tconstruct/]: Tool stack constructed using non-modifiable tool, this may cause issues as it has no NBT. To debug this issue or disable the warning, use logInvalidToolStack in the config.
[06Apr2026 00:36:12.555] [Server thread/WARN] [tconstruct/]: Tool stack constructed using non-modifiable tool, this may cause issues as it has no NBT. To debug this issue or disable the warning, use logInvalidToolStack in the config.
[06Apr2026 00:36:23.499] [Server thread/WARN] [tconstruct/]: Tool stack constructed using non-modifiable tool, this may cause issues as it has no NBT. To debug this issue or disable the warning, use logInvalidToolStack in the config.
[06Apr2026 00:36:23.850] [Server thread/WARN] [tconstruct/]: Tool stack constructed using non-modifiable tool, this may cause issues as it has no NBT. To debug this issue or disable the warning, use logInvalidToolStack in the config.
[06Apr2026 00:36:24.003] [Server thread/WARN] [tconstruct/]: Tool stack constructed using non-modifiable tool, this may cause issues as it has no NBT. To debug this issue or disable the warning, use logInvalidToolStack in the config.
[06Apr2026 00:36:24.453] [Server thread/WARN] [tconstruct/]: Tool stack constructed using non-modifiable tool, this may cause issues as it has no NBT. To debug this issue or disable the warning, use logInvalidToolStack in the config.
[06Apr2026 00:36:24.706] [Server thread/WARN] [tconstruct/]: Tool stack constructed using non-modifiable tool, this may cause issues as it has no NBT. To debug this issue or disable the warning, use logInvalidToolStack in the config.
[06Apr2026 00:36:25.002] [Server thread/WARN] [tconstruct/]: Tool stack constructed using non-modifiable tool, this may cause issues as it has no NBT. To debug this issue or disable the warning, use logInvalidToolStack in the config.
[06Apr2026 00:36:25.220] [Server thread/WARN] [tconstruct/]: Tool stack constructed using non-modifiable tool, this may cause issues as it has no NBT. To debug this issue or disable the warning, use logInvalidToolStack in the config.
[06Apr2026 00:36:25.802] [Server thread/WARN] [tconstruct/]: Tool stack constructed using non-modifiable tool, this may cause issues as it has no NBT. To debug this issue or disable the warning, use logInvalidToolStack in the config.
[06Apr2026 00:36:26.701] [Server thread/WARN] [tconstruct/]: Tool stack constructed using non-modifiable tool, this may cause issues as it has no NBT. To debug this issue or disable the warning, use logInvalidToolStack in the config.
[06Apr2026 00:36:26.950] [Server thread/WARN] [tconstruct/]: Tool stack constructed using non-modifiable tool, this may cause issues as it has no NBT. To debug this issue or disable the warning, use logInvalidToolStack in the config.
[06Apr2026 00:36:27.165] [Server thread/WARN] [tconstruct/]: Tool stack constructed using non-modifiable tool, this may cause issues as it has no NBT. To debug this issue or disable the warning, use logInvalidToolStack in the config.
[06Apr2026 00:36:27.450] [Server thread/WARN] [tconstruct/]: Tool stack constructed using non-modifiable tool, this may cause issues as it has no NBT. To debug this issue or disable the warning, use logInvalidToolStack in the config.
[06Apr2026 00:36:27.650] [Server thread/WARN] [tconstruct/]: Tool stack constructed using non-modifiable tool, this may cause issues as it has no NBT. To debug this issue or disable the warning, use logInvalidToolStack in the config.
[06Apr2026 00:36:28.054] [Server thread/WARN] [tconstruct/]: Tool stack constructed using non-modifiable tool, this may cause issues as it has no NBT. To debug this issue or disable the warning, use logInvalidToolStack in the config.
[06Apr2026 00:36:28.456] [Server thread/WARN] [tconstruct/]: Tool stack constructed using non-modifiable tool, this may cause issues as it has no NBT. To debug this issue or disable the warning, use logInvalidToolStack in the config.
[06Apr2026 00:36:28.508] [Server thread/WARN] [tconstruct/]: Tool stack constructed using non-modifiable tool, this may cause issues as it has no NBT. To debug this issue or disable the warning, use logInvalidToolStack in the config.
[06Apr2026 00:36:29.152] [Server thread/WARN] [tconstruct/]: Tool stack constructed using non-modifiable tool, this may cause issues as it has no NBT. To debug this issue or disable the warning, use logInvalidToolStack in the config.
[06Apr2026 00:36:29.224] [Server thread/WARN] [tconstruct/]: Tool stack constructed using non-modifiable tool, this may cause issues as it has no NBT. To debug this issue or disable the warning, use logInvalidToolStack in the config.
[06Apr2026 00:36:31.661] [Server thread/WARN] [tconstruct/]: Tool stack constructed using non-modifiable tool, this may cause issues as it has no NBT. To debug this issue or disable the warning, use logInvalidToolStack in the config.
[06Apr2026 00:36:31.856] [Server thread/WARN] [tconstruct/]: Tool stack constructed using non-modifiable tool, this may cause issues as it has no NBT. To debug this issue or disable the warning, use logInvalidToolStack in the config.
[06Apr2026 00:36:31.950] [Server thread/WARN] [tconstruct/]: Tool stack constructed using non-modifiable tool, this may cause issues as it has no NBT. To debug this issue or disable the warning, use logInvalidToolStack in the config.
[06Apr2026 00:36:32.154] [Server thread/WARN] [tconstruct/]: Tool stack constructed using non-modifiable tool, this may cause issues as it has no NBT. To debug this issue or disable the warning, use logInvalidToolStack in the config.
[06Apr2026 00:36:32.349] [Server thread/WARN] [tconstruct/]: Tool stack constructed using non-modifiable tool, this may cause issues as it has no NBT. To debug this issue or disable the warning, use logInvalidToolStack in the config.
[06Apr2026 00:36:32.622] [Server thread/WARN] [tconstruct/]: Tool stack constructed using non-modifiable tool, this may cause issues as it has no NBT. To debug this issue or disable the warning, use logInvalidToolStack in the config.
[06Apr2026 00:36:32.802] [Server thread/WARN] [tconstruct/]: Tool stack constructed using non-modifiable tool, this may cause issues as it has no NBT. To debug this issue or disable the warning, use logInvalidToolStack in the config.
[06Apr2026 00:36:32.849] [Server thread/ERROR] [net.minecraft.Util/]: Invalid entity rotation: NaN, discarding.
[06Apr2026 00:36:32.958] [Server thread/WARN] [tconstruct/]: Tool stack constructed using non-modifiable tool, this may cause issues as it has no NBT. To debug this issue or disable the warning, use logInvalidToolStack in the config.
[06Apr2026 00:36:33.056] [Server thread/WARN] [tconstruct/]: Tool stack constructed using non-modifiable tool, this may cause issues as it has no NBT. To debug this issue or disable the warning, use logInvalidToolStack in the config.
[06Apr2026 00:36:33.411] [Server thread/WARN] [tconstruct/]: Tool stack constructed using non-modifiable tool, this may cause issues as it has no NBT. To debug this issue or disable the warning, use logInvalidToolStack in the config.
[06Apr2026 00:36:33.650] [Server thread/WARN] [tconstruct/]: Tool stack constructed using non-modifiable tool, this may cause issues as it has no NBT. To debug this issue or disable the warning, use logInvalidToolStack in the config.
[06Apr2026 00:36:33.854] [Server thread/WARN] [tconstruct/]: Tool stack constructed using non-modifiable tool, this may cause issues as it has no NBT. To debug this issue or disable the warning, use logInvalidToolStack in the config.
[06Apr2026 00:36:34.154] [Server thread/WARN] [tconstruct/]: Tool stack constructed using non-modifiable tool, this may cause issues as it has no NBT. To debug this issue or disable the warning, use logInvalidToolStack in the config.
[06Apr2026 00:36:34.367] [Server thread/WARN] [tconstruct/]: Tool stack constructed using non-modifiable tool, this may cause issues as it has no NBT. To debug this issue or disable the warning, use logInvalidToolStack in the config.
[06Apr2026 00:36:34.713] [Server thread/WARN] [tconstruct/]: Tool stack constructed using non-modifiable tool, this may cause issues as it has no NBT. To debug this issue or disable the warning, use logInvalidToolStack in the config.
[06Apr2026 00:36:35.208] [Server thread/WARN] [tconstruct/]: Tool stack constructed using non-modifiable tool, this may cause issues as it has no NBT. To debug this issue or disable the warning, use logInvalidToolStack in the config.
[06Apr2026 00:36:35.404] [Server thread/WARN] [tconstruct/]: Tool stack constructed using non-modifiable tool, this may cause issues as it has no NBT. To debug this issue or disable the warning, use logInvalidToolStack in the config.
[06Apr2026 00:36:35.752] [Server thread/WARN] [tconstruct/]: Tool stack constructed using non-modifiable tool, this may cause issues as it has no NBT. To debug this issue or disable the warning, use logInvalidToolStack in the config.
[06Apr2026 00:36:35.956] [Server thread/WARN] [tconstruct/]: Tool stack constructed using non-modifiable tool, this may cause issues as it has no NBT. To debug this issue or disable the warning, use logInvalidToolStack in the config.
[06Apr2026 00:36:36.255] [Server thread/WARN] [tconstruct/]: Tool stack constructed using non-modifiable tool, this may cause issues as it has no NBT. To debug this issue or disable the warning, use logInvalidToolStack in the config.
[06Apr2026 00:36:36.455] [Server thread/WARN] [tconstruct/]: Tool stack constructed using non-modifiable tool, this may cause issues as it has no NBT. To debug this issue or disable the warning, use logInvalidToolStack in the config.
[06Apr2026 00:36:36.651] [Server thread/WARN] [tconstruct/]: Tool stack constructed using non-modifiable tool, this may cause issues as it has no NBT. To debug this issue or disable the warning, use logInvalidToolStack in the config.
[06Apr2026 00:36:36.902] [Server thread/WARN] [tconstruct/]: Tool stack constructed using non-modifiable tool, this may cause issues as it has no NBT. To debug this issue or disable the warning, use logInvalidToolStack in the config.
[06Apr2026 00:36:37.154] [Server thread/WARN] [tconstruct/]: Tool stack constructed using non-modifiable tool, this may cause issues as it has no NBT. To debug this issue or disable the warning, use logInvalidToolStack in the config.
[06Apr2026 00:36:37.302] [Server thread/WARN] [tconstruct/]: Tool stack constructed using non-modifiable tool, this may cause issues as it has no NBT. To debug this issue or disable the warning, use logInvalidToolStack in the config.
[06Apr2026 00:36:37.504] [Server thread/WARN] [tconstruct/]: Tool stack constructed using non-modifiable tool, this may cause issues as it has no NBT. To debug this issue or disable the warning, use logInvalidToolStack in the config.
[06Apr2026 00:36:37.701] [Server thread/WARN] [tconstruct/]: Tool stack constructed using non-modifiable tool, this may cause issues as it has no NBT. To debug this issue or disable the warning, use logInvalidToolStack in the config.
[06Apr2026 00:36:40.152] [Server thread/WARN] [tconstruct/]: Tool stack constructed using non-modifiable tool, this may cause issues as it has no NBT. To debug this issue or disable the warning, use logInvalidToolStack in the config.
[06Apr2026 00:36:40.701] [Server thread/WARN] [tconstruct/]: Tool stack constructed using non-modifiable tool, this may cause issues as it has no NBT. To debug this issue or disable the warning, use logInvalidToolStack in the config.
[06Apr2026 00:36:40.957] [Server thread/WARN] [tconstruct/]: Tool stack constructed using non-modifiable tool, this may cause issues as it has no NBT. To debug this issue or disable the warning, use logInvalidToolStack in the config.
[06Apr2026 00:36:41.200] [Server thread/WARN] [tconstruct/]: Tool stack constructed using non-modifiable tool, this may cause issues as it has no NBT. To debug this issue or disable the warning, use logInvalidToolStack in the config.
[06Apr2026 00:36:41.508] [Server thread/WARN] [tconstruct/]: Tool stack constructed using non-modifiable tool, this may cause issues as it has no NBT. To debug this issue or disable the warning, use logInvalidToolStack in the config.
[06Apr2026 00:36:41.951] [Server thread/WARN] [tconstruct/]: Tool stack constructed using non-modifiable tool, this may cause issues as it has no NBT. To debug this issue or disable the warning, use logInvalidToolStack in the config.
[06Apr2026 00:36:42.502] [Server thread/WARN] [tconstruct/]: Tool stack constructed using non-modifiable tool, this may cause issues as it has no NBT. To debug this issue or disable the warning, use logInvalidToolStack in the config.
[06Apr2026 00:36:42.649] [Server thread/WARN] [tconstruct/]: Tool stack constructed using non-modifiable tool, this may cause issues as it has no NBT. To debug this issue or disable the warning, use logInvalidToolStack in the config.
[06Apr2026 00:36:46.399] [Server thread/WARN] [tconstruct/]: Tool stack constructed using non-modifiable tool, this may cause issues as it has no NBT. To debug this issue or disable the warning, use logInvalidToolStack in the config.
[06Apr2026 00:36:47.651] [Server thread/WARN] [tconstruct/]: Tool stack constructed using non-modifiable tool, this may cause issues as it has no NBT. To debug this issue or disable the warning, use logInvalidToolStack in the config.
[06Apr2026 00:36:47.917] [Server thread/WARN] [tconstruct/]: Tool stack constructed using non-modifiable tool, this may cause issues as it has no NBT. To debug this issue or disable the warning, use logInvalidToolStack in the config.
[06Apr2026 00:36:48.865] [Server thread/WARN] [tconstruct/]: Tool stack constructed using non-modifiable tool, this may cause issues as it has no NBT. To debug this issue or disable the warning, use logInvalidToolStack in the config.
[06Apr2026 00:36:49.004] [Server thread/WARN] [tconstruct/]: Tool stack constructed using non-modifiable tool, this may cause issues as it has no NBT. To debug this issue or disable the warning, use logInvalidToolStack in the config.
[06Apr2026 00:36:52.065] [Server thread/WARN] [tconstruct/]: Tool stack constructed using non-modifiable tool, this may cause issues as it has no NBT. To debug this issue or disable the warning, use logInvalidToolStack in the config.
[06Apr2026 00:36:52.201] [Server thread/WARN] [tconstruct/]: Tool stack constructed using non-modifiable tool, this may cause issues as it has no NBT. To debug this issue or disable the warning, use logInvalidToolStack in the config.
[06Apr2026 00:36:52.505] [Server thread/WARN] [tconstruct/]: Tool stack constructed using non-modifiable tool, this may cause issues as it has no NBT. To debug this issue or disable the warning, use logInvalidToolStack in the config.
[06Apr2026 00:36:52.707] [Server thread/WARN] [tconstruct/]: Tool stack constructed using non-modifiable tool, this may cause issues as it has no NBT. To debug this issue or disable the warning, use logInvalidToolStack in the config.
[06Apr2026 00:36:53.252] [Server thread/WARN] [tconstruct/]: Tool stack constructed using non-modifiable tool, this may cause issues as it has no NBT. To debug this issue or disable the warning, use logInvalidToolStack in the config.
[06Apr2026 00:36:53.403] [Server thread/WARN] [tconstruct/]: Tool stack constructed using non-modifiable tool, this may cause issues as it has no NBT. To debug this issue or disable the warning, use logInvalidToolStack in the config.
[06Apr2026 00:36:53.551] [Server thread/WARN] [tconstruct/]: Tool stack constructed using non-modifiable tool, this may cause issues as it has no NBT. To debug this issue or disable the warning, use logInvalidToolStack in the config.
[06Apr2026 00:36:53.715] [Server thread/WARN] [tconstruct/]: Tool stack constructed using non-modifiable tool, this may cause issues as it has no NBT. To debug this issue or disable the warning, use logInvalidToolStack in the config.
[06Apr2026 00:36:54.010] [Server thread/WARN] [tconstruct/]: Tool stack constructed using non-modifiable tool, this may cause issues as it has no NBT. To debug this issue or disable the warning, use logInvalidToolStack in the config.
[06Apr2026 00:36:54.161] [Server thread/WARN] [tconstruct/]: Tool stack constructed using non-modifiable tool, this may cause issues as it has no NBT. To debug this issue or disable the warning, use logInvalidToolStack in the config.
[06Apr2026 00:36:56.403] [Server thread/WARN] [tconstruct/]: Tool stack constructed using non-modifiable tool, this may cause issues as it has no NBT. To debug this issue or disable the warning, use logInvalidToolStack in the config.
[06Apr2026 00:36:56.659] [Server thread/WARN] [tconstruct/]: Tool stack constructed using non-modifiable tool, this may cause issues as it has no NBT. To debug this issue or disable the warning, use logInvalidToolStack in the config.
[06Apr2026 00:36:57.303] [Server thread/WARN] [tconstruct/]: Tool stack constructed using non-modifiable tool, this may cause issues as it has no NBT. To debug this issue or disable the warning, use logInvalidToolStack in the config.
[06Apr2026 00:36:58.701] [Server thread/WARN] [tconstruct/]: Tool stack constructed using non-modifiable tool, this may cause issues as it has no NBT. To debug this issue or disable the warning, use logInvalidToolStack in the config.
[06Apr2026 00:37:00.402] [Server thread/WARN] [tconstruct/]: Tool stack constructed using non-modifiable tool, this may cause issues as it has no NBT. To debug this issue or disable the warning, use logInvalidToolStack in the config.
[06Apr2026 00:37:00.609] [Server thread/WARN] [tconstruct/]: Tool stack constructed using non-modifiable tool, this may cause issues as it has no NBT. To debug this issue or disable the warning, use logInvalidToolStack in the config.
[06Apr2026 00:37:00.800] [Server thread/WARN] [tconstruct/]: Tool stack constructed using non-modifiable tool, this may cause issues as it has no NBT. To debug this issue or disable the warning, use logInvalidToolStack in the config.
[06Apr2026 00:37:01.001] [Server thread/WARN] [tconstruct/]: Tool stack constructed using non-modifiable tool, this may cause issues as it has no NBT. To debug this issue or disable the warning, use logInvalidToolStack in the config.
[06Apr2026 00:37:03.253] [Server thread/WARN] [tconstruct/]: Tool stack constructed using non-modifiable tool, this may cause issues as it has no NBT. To debug this issue or disable the warning, use logInvalidToolStack in the config.
[06Apr2026 00:37:07.754] [Server thread/WARN] [tconstruct/]: Tool stack constructed using non-modifiable tool, this may cause issues as it has no NBT. To debug this issue or disable the warning, use logInvalidToolStack in the config.
[06Apr2026 00:37:07.906] [Server thread/WARN] [tconstruct/]: Tool stack constructed using non-modifiable tool, this may cause issues as it has no NBT. To debug this issue or disable the warning, use logInvalidToolStack in the config.
[06Apr2026 00:37:11.413] [Server thread/WARN] [tconstruct/]: Tool stack constructed using non-modifiable tool, this may cause issues as it has no NBT. To debug this issue or disable the warning, use logInvalidToolStack in the config.
[06Apr2026 00:37:11.611] [Server thread/WARN] [tconstruct/]: Tool stack constructed using non-modifiable tool, this may cause issues as it has no NBT. To debug this issue or disable the warning, use logInvalidToolStack in the config.
[06Apr2026 00:37:15.153] [Server thread/WARN] [tconstruct/]: Tool stack constructed using non-modifiable tool, this may cause issues as it has no NBT. To debug this issue or disable the warning, use logInvalidToolStack in the config.
[06Apr2026 00:37:15.560] [Server thread/WARN] [tconstruct/]: Tool stack constructed using non-modifiable tool, this may cause issues as it has no NBT. To debug this issue or disable the warning, use logInvalidToolStack in the config.
[06Apr2026 00:37:17.802] [Server thread/WARN] [tconstruct/]: Tool stack constructed using non-modifiable tool, this may cause issues as it has no NBT. To debug this issue or disable the warning, use logInvalidToolStack in the config.
[06Apr2026 00:37:18.001] [Server thread/WARN] [tconstruct/]: Tool stack constructed using non-modifiable tool, this may cause issues as it has no NBT. To debug this issue or disable the warning, use logInvalidToolStack in the config.
[06Apr2026 00:37:18.001] [Server thread/WARN] [tconstruct/]: Tool stack constructed using non-modifiable tool, this may cause issues as it has no NBT. To debug this issue or disable the warning, use logInvalidToolStack in the config.
[06Apr2026 00:37:18.201] [Server thread/WARN] [tconstruct/]: Tool stack constructed using non-modifiable tool, this may cause issues as it has no NBT. To debug this issue or disable the warning, use logInvalidToolStack in the config.
[06Apr2026 00:37:18.458] [Server thread/WARN] [tconstruct/]: Tool stack constructed using non-modifiable tool, this may cause issues as it has no NBT. To debug this issue or disable the warning, use logInvalidToolStack in the config.
[06Apr2026 00:37:18.700] [Server thread/WARN] [tconstruct/]: Tool stack constructed using non-modifiable tool, this may cause issues as it has no NBT. To debug this issue or disable the warning, use logInvalidToolStack in the config.
[06Apr2026 00:37:18.950] [Server thread/WARN] [tconstruct/]: Tool stack constructed using non-modifiable tool, this may cause issues as it has no NBT. To debug this issue or disable the warning, use logInvalidToolStack in the config.
[06Apr2026 00:37:19.199] [Server thread/WARN] [tconstruct/]: Tool stack constructed using non-modifiable tool, this may cause issues as it has no NBT. To debug this issue or disable the warning, use logInvalidToolStack in the config.
[06Apr2026 00:37:19.453] [Server thread/WARN] [tconstruct/]: Tool stack constructed using non-modifiable tool, this may cause issues as it has no NBT. To debug this issue or disable the warning, use logInvalidToolStack in the config.
[06Apr2026 00:37:19.904] [Server thread/WARN] [tconstruct/]: Tool stack constructed using non-modifiable tool, this may cause issues as it has no NBT. To debug this issue or disable the warning, use logInvalidToolStack in the config.
[06Apr2026 00:37:20.102] [Server thread/WARN] [tconstruct/]: Tool stack constructed using non-modifiable tool, this may cause issues as it has no NBT. To debug this issue or disable the warning, use logInvalidToolStack in the config.
[06Apr2026 00:37:20.350] [Server thread/WARN] [tconstruct/]: Tool stack constructed using non-modifiable tool, this may cause issues as it has no NBT. To debug this issue or disable the warning, use logInvalidToolStack in the config.
[06Apr2026 00:37:20.650] [Server thread/WARN] [tconstruct/]: Tool stack constructed using non-modifiable tool, this may cause issues as it has no NBT. To debug this issue or disable the warning, use logInvalidToolStack in the config.
[06Apr2026 00:37:20.901] [Server thread/WARN] [tconstruct/]: Tool stack constructed using non-modifiable tool, this may cause issues as it has no NBT. To debug this issue or disable the warning, use logInvalidToolStack in the config.
[06Apr2026 00:37:21.200] [Server thread/WARN] [tconstruct/]: Tool stack constructed using non-modifiable tool, this may cause issues as it has no NBT. To debug this issue or disable the warning, use logInvalidToolStack in the config.
[06Apr2026 00:37:21.453] [Server thread/WARN] [tconstruct/]: Tool stack constructed using non-modifiable tool, this may cause issues as it has no NBT. To debug this issue or disable the warning, use logInvalidToolStack in the config.
[06Apr2026 00:37:23.775] [Server thread/INFO] [net.minecraft.server.MinecraftServer/]: [Not Secure] <valencapo10> eu
[06Apr2026 00:37:29.261] [Server thread/WARN] [tconstruct/]: Tool stack constructed using non-modifiable tool, this may cause issues as it has no NBT. To debug this issue or disable the warning, use logInvalidToolStack in the config.
[06Apr2026 00:37:30.213] [Server thread/WARN] [tconstruct/]: Tool stack constructed using non-modifiable tool, this may cause issues as it has no NBT. To debug this issue or disable the warning, use logInvalidToolStack in the config.
[06Apr2026 00:37:31.311] [Server thread/INFO] [net.minecraft.server.MinecraftServer/]: [Not Secure] <valencapo10> me re perdi
[06Apr2026 00:37:35.103] [Server thread/WARN] [tconstruct/]: Tool stack constructed using non-modifiable tool, this may cause issues as it has no NBT. To debug this issue or disable the warning, use logInvalidToolStack in the config.
[06Apr2026 00:37:35.302] [Server thread/WARN] [tconstruct/]: Tool stack constructed using non-modifiable tool, this may cause issues as it has no NBT. To debug this issue or disable the warning, use logInvalidToolStack in the config.
[06Apr2026 00:37:35.761] [Server thread/WARN] [tconstruct/]: Tool stack constructed using non-modifiable tool, this may cause issues as it has no NBT. To debug this issue or disable the warning, use logInvalidToolStack in the config.
[06Apr2026 00:37:37.204] [Server thread/WARN] [tconstruct/]: Tool stack constructed using non-modifiable tool, this may cause issues as it has no NBT. To debug this issue or disable the warning, use logInvalidToolStack in the config.
[06Apr2026 00:37:38.303] [Server thread/WARN] [tconstruct/]: Tool stack constructed using non-modifiable tool, this may cause issues as it has no NBT. To debug this issue or disable the warning, use logInvalidToolStack in the config.
[06Apr2026 00:37:38.650] [Server thread/WARN] [tconstruct/]: Tool stack constructed using non-modifiable tool, this may cause issues as it has no NBT. To debug this issue or disable the warning, use logInvalidToolStack in the config.
[06Apr2026 00:37:39.156] [Server thread/WARN] [tconstruct/]: Tool stack constructed using non-modifiable tool, this may cause issues as it has no NBT. To debug this issue or disable the warning, use logInvalidToolStack in the config.
[06Apr2026 00:37:39.559] [Server thread/WARN] [tconstruct/]: Tool stack constructed using non-modifiable tool, this may cause issues as it has no NBT. To debug this issue or disable the warning, use logInvalidToolStack in the config.
[06Apr2026 00:37:39.755] [Server thread/WARN] [tconstruct/]: Tool stack constructed using non-modifiable tool, this may cause issues as it has no NBT. To debug this issue or disable the warning, use logInvalidToolStack in the config.
[06Apr2026 00:37:40.157] [Server thread/WARN] [tconstruct/]: Tool stack constructed using non-modifiable tool, this may cause issues as it has no NBT. To debug this issue or disable the warning, use logInvalidToolStack in the config.
[06Apr2026 00:37:40.605] [Server thread/WARN] [tconstruct/]: Tool stack constructed using non-modifiable tool, this may cause issues as it has no NBT. To debug this issue or disable the warning, use logInvalidToolStack in the config.
[06Apr2026 00:37:40.763] [Server thread/WARN] [tconstruct/]: Tool stack constructed using non-modifiable tool, this may cause issues as it has no NBT. To debug this issue or disable the warning, use logInvalidToolStack in the config.
[06Apr2026 00:37:41.063] [Server thread/WARN] [tconstruct/]: Tool stack constructed using non-modifiable tool, this may cause issues as it has no NBT. To debug this issue or disable the warning, use logInvalidToolStack in the config.
[06Apr2026 00:37:41.657] [Server thread/WARN] [tconstruct/]: Tool stack constructed using non-modifiable tool, this may cause issues as it has no NBT. To debug this issue or disable the warning, use logInvalidToolStack in the config.
[06Apr2026 00:37:41.810] [Server thread/WARN] [tconstruct/]: Tool stack constructed using non-modifiable tool, this may cause issues as it has no NBT. To debug this issue or disable the warning, use logInvalidToolStack in the config.
[06Apr2026 00:37:42.213] [Server thread/WARN] [tconstruct/]: Tool stack constructed using non-modifiable tool, this may cause issues as it has no NBT. To debug this issue or disable the warning, use logInvalidToolStack in the config.
[06Apr2026 00:37:44.650] [Server thread/WARN] [tconstruct/]: Tool stack constructed using non-modifiable tool, this may cause issues as it has no NBT. To debug this issue or disable the warning, use logInvalidToolStack in the config.
[06Apr2026 00:37:44.850] [Server thread/WARN] [tconstruct/]: Tool stack constructed using non-modifiable tool, this may cause issues as it has no NBT. To debug this issue or disable the warning, use logInvalidToolStack in the config.
[06Apr2026 00:37:44.850] [Server thread/WARN] [tconstruct/]: Tool stack constructed using non-modifiable tool, this may cause issues as it has no NBT. To debug this issue or disable the warning, use logInvalidToolStack in the config.
[06Apr2026 00:37:45.049] [Server thread/WARN] [tconstruct/]: Tool stack constructed using non-modifiable tool, this may cause issues as it has no NBT. To debug this issue or disable the warning, use logInvalidToolStack in the config.
[06Apr2026 00:37:45.800] [Server thread/WARN] [tconstruct/]: Tool stack constructed using non-modifiable tool, this may cause issues as it has no NBT. To debug this issue or disable the warning, use logInvalidToolStack in the config.
[06Apr2026 00:37:48.900] [Server thread/WARN] [tconstruct/]: Tool stack constructed using non-modifiable tool, this may cause issues as it has no NBT. To debug this issue or disable the warning, use logInvalidToolStack in the config.
[06Apr2026 00:37:50.700] [Server thread/WARN] [tconstruct/]: Tool stack constructed using non-modifiable tool, this may cause issues as it has no NBT. To debug this issue or disable the warning, use logInvalidToolStack in the config.
[06Apr2026 00:37:50.702] [Server thread/WARN] [tconstruct/]: Tool stack constructed using non-modifiable tool, this may cause issues as it has no NBT. To debug this issue or disable the warning, use logInvalidToolStack in the config.
[06Apr2026 00:37:53.363] [Server thread/WARN] [tconstruct/]: Tool stack constructed using non-modifiable tool, this may cause issues as it has no NBT. To debug this issue or disable the warning, use logInvalidToolStack in the config.
[06Apr2026 00:37:53.510] [Server thread/WARN] [tconstruct/]: Tool stack constructed using non-modifiable tool, this may cause issues as it has no NBT. To debug this issue or disable the warning, use logInvalidToolStack in the config.
[06Apr2026 00:37:53.963] [Server thread/WARN] [tconstruct/]: Tool stack constructed using non-modifiable tool, this may cause issues as it has no NBT. To debug this issue or disable the warning, use logInvalidToolStack in the config.
[06Apr2026 00:37:54.350] [Server thread/WARN] [tconstruct/]: Tool stack constructed using non-modifiable tool, this may cause issues as it has no NBT. To debug this issue or disable the warning, use logInvalidToolStack in the config.
[06Apr2026 00:37:57.260] [Server thread/INFO] [net.minecraft.server.MinecraftServer/]: [nchss00: Teleported valencapo10 to nchss00]
[06Apr2026 00:37:57.851] [Server thread/INFO] [net.minecraft.server.MinecraftServer/]: valencapo10 has made the advancement [A Terrible Fortress]
[06Apr2026 00:38:04.802] [Server thread/INFO] [net.minecraft.server.MinecraftServer/]: [Not Secure] <valencapo10> Ty
[06Apr2026 00:38:18.842] [Server thread/INFO] [net.minecraft.server.MinecraftServer/]: valencapo10 has made the advancement [Into Fire]
[06Apr2026 00:38:25.914] [Server thread/WARN] [tconstruct/]: Tool stack constructed using non-modifiable tool, this may cause issues as it has no NBT. To debug this issue or disable the warning, use logInvalidToolStack in the config.
[06Apr2026 00:38:26.446] [Server thread/WARN] [tconstruct/]: Tool stack constructed using non-modifiable tool, this may cause issues as it has no NBT. To debug this issue or disable the warning, use logInvalidToolStack in the config.
[06Apr2026 00:38:26.858] [Server thread/WARN] [tconstruct/]: Tool stack constructed using non-modifiable tool, this may cause issues as it has no NBT. To debug this issue or disable the warning, use logInvalidToolStack in the config.
[06Apr2026 00:38:34.052] [Server thread/WARN] [tconstruct/]: Tool stack constructed using non-modifiable tool, this may cause issues as it has no NBT. To debug this issue or disable the warning, use logInvalidToolStack in the config.
[06Apr2026 00:38:34.454] [Server thread/WARN] [tconstruct/]: Tool stack constructed using non-modifiable tool, this may cause issues as it has no NBT. To debug this issue or disable the warning, use logInvalidToolStack in the config.
[06Apr2026 00:38:35.000] [Server thread/WARN] [tconstruct/]: Tool stack constructed using non-modifiable tool, this may cause issues as it has no NBT. To debug this issue or disable the warning, use logInvalidToolStack in the config.
[06Apr2026 00:38:46.096] [Server thread/WARN] [tconstruct/]: Tool stack constructed using non-modifiable tool, this may cause issues as it has no NBT. To debug this issue or disable the warning, use logInvalidToolStack in the config.
[06Apr2026 00:38:46.547] [Server thread/WARN] [tconstruct/]: Tool stack constructed using non-modifiable tool, this may cause issues as it has no NBT. To debug this issue or disable the warning, use logInvalidToolStack in the config.
[06Apr2026 00:38:56.446] [Server thread/INFO] [net.minecraft.server.MinecraftServer/]: [Not Secure] <valencapo10> Decile que ahora esta jugando lahermana
[06Apr2026 00:39:00.346] [Server thread/INFO] [net.minecraft.server.MinecraftServer/]: nchss00 was burnt to a crisp whilst fighting Blaze
[06Apr2026 00:39:00.347] [Server thread/INFO] [gravestone/]: The death ID of player nchss00 is d2037b0b-70e3-4b51-a70b-37611de5d2a2
[06Apr2026 00:39:02.476] [Server thread/INFO] [net.minecraft.server.MinecraftServer/]: [Not Secure] <valencapo10> Pq el se fue a bañar
[06Apr2026 00:39:21.504] [Server thread/INFO] [net.minecraft.server.MinecraftServer/]: [nchss00: Teleported nchss00 to valencapo10]
[06Apr2026 00:39:24.376] [Server thread/INFO] [net.minecraft.server.MinecraftServer/]: [nchss00: Teleported nchss00 to 299.500000, 67.500000, -316.500000]
[06Apr2026 00:39:27.243] [Server thread/INFO] [net.minecraft.server.network.ServerGamePacketListenerImpl/]: nchss00 lost connection: Disconnected
[06Apr2026 00:39:27.243] [Server thread/INFO] [net.minecraft.server.MinecraftServer/]: nchss00 left the game
[06Apr2026 00:39:30.800] [Server thread/INFO] [net.minecraft.server.network.ServerGamePacketListenerImpl/]: valencapo10 lost connection: Disconnected
[06Apr2026 00:39:30.800] [Server thread/INFO] [net.minecraft.server.MinecraftServer/]: valencapo10 left the game
[06Apr2026 00:39:46.132] [Server thread/INFO] [net.minecraft.server.MinecraftServer/]: Stopping the server
[06Apr2026 00:39:46.194] [Server thread/INFO] [net.minecraft.server.MinecraftServer/]: Stopping server
[06Apr2026 00:39:46.201] [Server thread/INFO] [net.minecraft.server.MinecraftServer/]: Saving players
[06Apr2026 00:39:46.201] [Server thread/INFO] [net.minecraft.server.MinecraftServer/]: Saving worlds
[06Apr2026 00:39:46.246] [Server thread/INFO] [net.minecraft.server.MinecraftServer/]: Saving chunks for level 'ServerLevel[world]'/minecraft:overworld
[06Apr2026 00:39:46.371] [Server thread/INFO] [net.minecraft.server.MinecraftServer/]: Saving chunks for level 'ServerLevel[world]'/minecraft:the_end
[06Apr2026 00:39:46.372] [Server thread/INFO] [net.minecraft.server.MinecraftServer/]: Saving chunks for level 'ServerLevel[world]'/ad_astra:glacio
[06Apr2026 00:39:46.374] [Server thread/INFO] [net.minecraft.server.MinecraftServer/]: Saving chunks for level 'ServerLevel[world]'/ad_astra:venus
[06Apr2026 00:39:46.375] [Server thread/INFO] [net.minecraft.server.MinecraftServer/]: Saving chunks for level 'ServerLevel[world]'/ad_astra:moon_orbit
[06Apr2026 00:39:46.376] [Server thread/INFO] [net.minecraft.server.MinecraftServer/]: Saving chunks for level 'ServerLevel[world]'/ad_astra:glacio_orbit
[06Apr2026 00:39:46.378] [Server thread/INFO] [net.minecraft.server.MinecraftServer/]: Saving chunks for level 'ServerLevel[world]'/ad_astra:mercury_orbit
[06Apr2026 00:39:46.379] [Server thread/INFO] [net.minecraft.server.MinecraftServer/]: Saving chunks for level 'ServerLevel[world]'/ad_astra:venus_orbit
[06Apr2026 00:39:46.379] [Server thread/INFO] [net.minecraft.server.MinecraftServer/]: Saving chunks for level 'ServerLevel[world]'/ad_astra:mars_orbit
[06Apr2026 00:39:46.380] [Server thread/INFO] [net.minecraft.server.MinecraftServer/]: Saving chunks for level 'ServerLevel[world]'/ad_astra:mars
[06Apr2026 00:39:46.381] [Server thread/INFO] [net.minecraft.server.MinecraftServer/]: Saving chunks for level 'ServerLevel[world]'/ad_astra:earth_orbit
[06Apr2026 00:39:46.382] [Server thread/INFO] [net.minecraft.server.MinecraftServer/]: Saving chunks for level 'ServerLevel[world]'/minecraft:the_nether
[06Apr2026 00:39:46.387] [Server thread/INFO] [net.minecraft.server.MinecraftServer/]: Saving chunks for level 'ServerLevel[world]'/ad_astra:moon
[06Apr2026 00:39:46.388] [Server thread/INFO] [net.minecraft.server.MinecraftServer/]: Saving chunks for level 'ServerLevel[world]'/ad_astra:mercury
[06Apr2026 00:39:46.389] [Server thread/INFO] [net.minecraft.server.MinecraftServer/]: Saving chunks for level 'ServerLevel[world]'/ae2:spatial_storage
[06Apr2026 00:39:46.459] [Server thread/INFO] [net.minecraft.server.MinecraftServer/]: ThreadedAnvilChunkStorage (world): All chunks are saved
[06Apr2026 00:39:46.459] [Server thread/INFO] [net.minecraft.server.MinecraftServer/]: ThreadedAnvilChunkStorage (DIM1): All chunks are saved
[06Apr2026 00:39:46.459] [Server thread/INFO] [net.minecraft.server.MinecraftServer/]: ThreadedAnvilChunkStorage (glacio): All chunks are saved
[06Apr2026 00:39:46.459] [Server thread/INFO] [net.minecraft.server.MinecraftServer/]: ThreadedAnvilChunkStorage (venus): All chunks are saved
[06Apr2026 00:39:46.459] [Server thread/INFO] [net.minecraft.server.MinecraftServer/]: ThreadedAnvilChunkStorage (moon_orbit): All chunks are saved
[06Apr2026 00:39:46.459] [Server thread/INFO] [net.minecraft.server.MinecraftServer/]: ThreadedAnvilChunkStorage (glacio_orbit): All chunks are saved
[06Apr2026 00:39:46.459] [Server thread/INFO] [net.minecraft.server.MinecraftServer/]: ThreadedAnvilChunkStorage (mercury_orbit): All chunks are saved
[06Apr2026 00:39:46.459] [Server thread/INFO] [net.minecraft.server.MinecraftServer/]: ThreadedAnvilChunkStorage (venus_orbit): All chunks are saved
[06Apr2026 00:39:46.459] [Server thread/INFO] [net.minecraft.server.MinecraftServer/]: ThreadedAnvilChunkStorage (mars_orbit): All chunks are saved
[06Apr2026 00:39:46.459] [Server thread/INFO] [net.minecraft.server.MinecraftServer/]: ThreadedAnvilChunkStorage (mars): All chunks are saved
[06Apr2026 00:39:46.459] [Server thread/INFO] [net.minecraft.server.MinecraftServer/]: ThreadedAnvilChunkStorage (earth_orbit): All chunks are saved
[06Apr2026 00:39:46.459] [Server thread/INFO] [net.minecraft.server.MinecraftServer/]: ThreadedAnvilChunkStorage (DIM-1): All chunks are saved
[06Apr2026 00:39:46.459] [Server thread/INFO] [net.minecraft.server.MinecraftServer/]: ThreadedAnvilChunkStorage (moon): All chunks are saved
[06Apr2026 00:39:46.459] [Server thread/INFO] [net.minecraft.server.MinecraftServer/]: ThreadedAnvilChunkStorage (mercury): All chunks are saved
[06Apr2026 00:39:46.459] [Server thread/INFO] [net.minecraft.server.MinecraftServer/]: ThreadedAnvilChunkStorage (spatial_storage): All chunks are saved
[06Apr2026 00:39:46.459] [Server thread/INFO] [net.minecraft.server.MinecraftServer/]: ThreadedAnvilChunkStorage: All dimensions are saved
[06Apr2026 00:39:46.623] [Immersive Optimization Worker/INFO] [Immersive Optimization/]: Shutting down Immersive Optimization worker
